name,callink_url,instagram,category,is_public
*New Callink Feature: Blue Heart Initiative 💙,https://callink.berkeley.edu/organization/blueheartinitiative,,,
180 Degrees Consulting at Berkeley,https://callink.berkeley.edu/organization/180dcberkeley,180dcberkeley,"ASUC Sponsored 2026-27-Student Activity Groups, Professional Student Organizations, Undergraduate Organizations, ABSA-Allocated Hearst Storage ",
1G at Haas (First-Generation and/or Low-Income Club) 💙,https://callink.berkeley.edu/organization/1gliathaas,,"Graduate Student Organizations , Haas MBA RSO, Blue Heart Initiative Category",
2025-2026 RSO Training Demonstration Group  💙,https://callink.berkeley.edu/organization/2022callinkdummygroupfortesting,,Service Student Organizations,
3D Modeling and Animation at Berkeley 💙,https://callink.berkeley.edu/organization/3d-modeling-and-animation-at-berkeley,3dma_at_berkeley,"ASUC Sponsored 2026-27-Student Activity Groups, Academic Student Organizations, Undergraduate Organizations, Blue Heart Initiative Category",
AAAA - Furries at Berkeley 💙,https://callink.berkeley.edu/organization/furries-at-berkeley,berkeleyfurries,"ASUC Sponsored 2026-27-Student Activity Groups, Recreational Student Organizations, Undergraduate Organizations, ABSA-Allocated Hearst Storage , Blue Heart Initiative Category",
ABA,https://callink.berkeley.edu/organization/aba,berkeleyaba,"Professional Student Organizations, Undergraduate Organizations",
Abba Modern,https://callink.berkeley.edu/organization/abbamodern,abbamodern,"ASUC Sponsored 2026-27-Student Activity Groups, Performing Arts Student Organizations, Undergraduate Organizations",
ABC Sketches,https://callink.berkeley.edu/organization/abcsketches,,"Media & Publication Student Organizations, Undergraduate Organizations",
Abolitionist Collective at Berkeley,https://callink.berkeley.edu/organization/acab,,Political & Advocacy Student Organizations,
Acacia,https://callink.berkeley.edu/organization/acacia,,CalGreeks Interfraternity Council (IFC) Fraternities,
Academic Cultural Enrichment Coaches,https://callink.berkeley.edu/organization/acecoaches,acecoaches,"ASUC Sponsored 2026-27-Student Initiated Service Groups, Service Student Organizations, Undergraduate Organizations, ABSA-Allocated Hearst Storage , Blue Heart Initiative Category",
Academic Symposium,https://callink.berkeley.edu/organization/academicsymposium,,Academic Student Organizations,
Academy of Geotechnical Engineering at Berkeley,https://callink.berkeley.edu/organization/academyofgeotechnicalengineering,berkeleyacademyofgeotech,"Engineering/Computer Science Student Organizations , Undergraduate Organizations",
ACEing Autism at Berkeley,https://callink.berkeley.edu/organization/aceingautismatberkeley,,"Service Student Organizations, Undergraduate Organizations",
ACG Tech Consulting,https://callink.berkeley.edu/organization/acgtechconsulting,acg_cal,Professional Student Organizations,
acts2fellowship 💙,https://callink.berkeley.edu/organization/acts2fellowship,a2f.berkeley,"ASUC Sponsored 2026-27-Student Activity Groups, Spiritual Student Organizations, Undergraduate Organizations, Blue Heart Initiative Category",
Additive Manufacturing at Berkeley,https://callink.berkeley.edu/organization/amab,3dmc_ucberkeley,"Media & Publication Student Organizations, Undergraduate Organizations, Blue Heart Initiative Category",
Adventist Christian Fellowship 💙,https://callink.berkeley.edu/organization/acf,acf_berkeley,"Spiritual Student Organizations, Undergraduate Organizations, Blue Heart Initiative Category",
Aerial Arts at Berkeley,https://callink.berkeley.edu/organization/aaab,aerialatcal,"ASUC Sponsored 2026-27-Student Activity Groups, Recreational Student Organizations, Undergraduate Organizations, Blue Heart Initiative Category",
Aerospace SAE 💙,https://callink.berkeley.edu/organization/asae,cal.aero,"ASUC Sponsored 2026-27-Student Activity Groups, Engineering/Computer Science Student Organizations , Undergraduate Organizations, Blue Heart Initiative Category",
Afghan Student Association,https://callink.berkeley.edu/organization/afghans,calasa_,"ASUC Sponsored 2026-27-Student Activity Groups, Cultural & Identity/International Student Organizations, Undergraduate Organizations",
African American Student Leadership Team,https://callink.berkeley.edu/organization/africanamericanstudentleadershipteam,blackleadership.decal,"Undergraduate Organizations, Cultural & Identity/Cultural & Ethnic Student Organizations, Black/African American Student Community",
African Inclusivity and Solidarity Association (formerly Organization of African Students) 💙,https://callink.berkeley.edu/organization/aisa,africansatberkeley,"Cultural & Identity/International Student Organizations, Undergraduate Organizations, Blue Heart Initiative Category, Black/African American Student Community",
African Maghreb Student Union,https://callink.berkeley.edu/organization/africanmaghrebstudentunion,amsu_cal,"ASUC Sponsored 2026-27-Student Activity Groups, Cultural & Identity/International Student Organizations, Undergraduate Organizations, ABSA-Allocated Hearst Storage , Black/African American Student Community",
Ahlul Bayt Student Association of Berkeley 💙,https://callink.berkeley.edu/organization/absaberkeley,absaberkeley,"ASUC Sponsored 2026-27-Student Activity Groups, Spiritual Student Organizations, Undergraduate Organizations, ABSA-Allocated Hearst Storage , Blue Heart Initiative Category",
AI at Berkeley Law,https://callink.berkeley.edu/organization/aibl,,Graduate Student Organizations ,
AI Safety at Berkeley,https://callink.berkeley.edu/organization/aisafety,,"Engineering/Computer Science Student Organizations , Undergraduate Organizations",
Air Bears - Skydiving Club at Berkeley 💙,https://callink.berkeley.edu/organization/airbearssc,calairbears,"Recreational Student Organizations, Undergraduate Organizations, Blue Heart Initiative Category",
Alexander Hamilton Society at Berkeley,https://callink.berkeley.edu/organization/alexanderhamiltonsociety,ahsberkeley,"Professional Student Organizations, Undergraduate Organizations",
Alpha Chi Omega,https://callink.berkeley.edu/organization/alphachiomega,,CalGreeks Panhellenic Council (PHC) Sororities,
Alpha Chi Sigma Professional Chemistry Fraternity,https://callink.berkeley.edu/organization/alpha-chi-sigma,cal.axs,"Professional Student Organizations, Undergraduate Organizations",
Alpha Delta Phi,https://callink.berkeley.edu/organization/alphadeltaphi,aquadelt,CalGreeks Interfraternity Council (IFC) Fraternities,
Alpha Delta Pi,https://callink.berkeley.edu/organization/caladpi,caladpi,CalGreeks Panhellenic Council (PHC) Sororities,
Alpha Epsilon Omega,https://callink.berkeley.edu/organization/alphaepsilonomega,berkeley_aeo,CalGreeks Multicultural Greek Council (MCGC) Fraternities & Sororities,
Alpha Epsilon Pi,https://callink.berkeley.edu/organization/alphaepsilonpifraternityxachapter,,CalGreeks Interfraternity Council (IFC) Fraternities,
"Alpha Epsilon Zeta Fraternity, Inc.",https://callink.berkeley.edu/organization/aez,aezberkeley,"ASUC Sponsored 2026-27-Student Activity Groups, Professional Student Organizations, Undergraduate Organizations",
Alpha Gamma Alpha Sorority,https://callink.berkeley.edu/organization/aga,berkeley.aga,,
Alpha Gamma Omega,https://callink.berkeley.edu/organization/alphagammaomega,ago_cal,CalGreeks Interfraternity Council (IFC) Fraternities,
"Alpha Kappa Alpha Sorority, Inc.",https://callink.berkeley.edu/organization/alphakappaalphasorority,rhochapter_1921,CalGreeks National Pan-Hellenic Council (NPHC) Fraternities & Sororities,
alpha Kappa Delta Phi Sorority,https://callink.berkeley.edu/organization/akdphi,berkeleyakdphi,"ASUC Sponsored 2026-27-Student Activity Groups, CalGreeks Multicultural Greek Council (MCGC) Fraternities & Sororities",
Alpha Phi,https://callink.berkeley.edu/organization/alphaphi,,CalGreeks Panhellenic Council (PHC) Sororities,
"Alpha Phi Alpha Fraternity, Inc., Alpha Epsilon Chapter",https://callink.berkeley.edu/organization/alphaepsilon,icecolddynasty,"ASUC Sponsored 2026-27-Student Activity Groups, CalGreeks National Pan-Hellenic Council (NPHC) Fraternities & Sororities",
Alpha Phi Omega,https://callink.berkeley.edu/organization/calaphio,calaphio,"ASUC Sponsored 2026-27-Student Activity Groups, Service Student Organizations, Undergraduate Organizations, ABSA-Allocated Hearst Storage ",
Alpha Rho Chi,https://callink.berkeley.edu/organization/calapx,calapx,"Professional Student Organizations, Undergraduate Organizations",
Alpha Sigma Phi,https://callink.berkeley.edu/organization/alphasigmaphi,calalphasig,CalGreeks Interfraternity Council (IFC) Fraternities,
Alternative Breaks,https://callink.berkeley.edu/organization/alternativebreaks,berkeleyaltbreaks,"Berkeley Public Service Center Designated, ASUC Sponsored 2026-27-Student Initiated Service Groups, Service Student Organizations, Undergraduate Organizations",
Amanecer at Berkeley,https://callink.berkeley.edu/organization/amanecerberkeley,amanecer.ucb,"Undergraduate Organizations, LGBTQ+ Student Organizations",
American Cancer Society of Berkeley 💙,https://callink.berkeley.edu/organization/americancancersociety,acs.berkeley,"ASUC Sponsored 2026-27-Student Initiated Service Groups, Service Student Organizations, Undergraduate Organizations, ABSA-Allocated Hearst Storage , Blue Heart Initiative Category",
American Chemical Society at Berkeley Student Chapter,https://callink.berkeley.edu/organization/acsberkeley,acsberkeley,"ASUC Sponsored 2026-27-Student Activity Groups, Professional Student Organizations, Undergraduate Organizations",
American Constitution Society at Berkeley 💙,https://callink.berkeley.edu/organization/acs,,"Graduate Student Organizations , Blue Heart Initiative Category",
American Indian Graduate Student Association 💙,https://callink.berkeley.edu/organization/gaamericanindiangraduatestudentassociation,cal.igsa,"Graduate Student Organizations , Blue Heart Initiative Category",
American Institute of Aeronautics and Astronautics at Berkeley 💙,https://callink.berkeley.edu/organization/aiaa,cal.aiaa,"Professional Student Organizations, Undergraduate Organizations, Blue Heart Initiative Category",
American Institute of Architecture Students 💙,https://callink.berkeley.edu/organization/americaninstituteforarchitecturestudents,aiasberkeley,"ASUC Sponsored 2026-27-Student Activity Groups, Professional Student Organizations, Undergraduate Organizations, Blue Heart Initiative Category",
American Institute of Chemical Engineers,https://callink.berkeley.edu/organization/aiche,aiche_ucberkeley,"Engineering/Computer Science Student Organizations , Undergraduate Organizations",
American Lung Cancer Screening Initiative at Berkeley 💙,https://callink.berkeley.edu/organization/alcsiberkeley,alcsiberkeley,"ASUC Sponsored 2026-27-Student Initiated Service Groups, Service Student Organizations, Undergraduate Organizations, Blue Heart Initiative Category",
American Medical Students Association: Berkeley Premedical Chapter 💙,https://callink.berkeley.edu/organization/amsa,berkeleyamsa,"Professional Student Organizations, Undergraduate Organizations, Blue Heart Initiative Category",
American Medical Women's Association at Berkeley 💙,https://callink.berkeley.edu/organization/amwa-berkeley,amwaberkeley,"ASUC Sponsored 2026-27-Student Activity Groups, Undergraduate Organizations, Cultural & Identity/Women Interest Student Organizations, ABSA-Allocated Hearst Storage , Blue Heart Initiative Category",
American Nuclear Society 💙,https://callink.berkeley.edu/organization/americannuclearsociety,ansberkeley,"Professional Student Organizations, Undergraduate Organizations, Blue Heart Initiative Category",
American Optometric Student Association,https://callink.berkeley.edu/organization/aosa,ucb_aosa,Graduate Student Organizations ,
American Physician Scientist Association at Berkeley 💙,https://callink.berkeley.edu/organization/americanphysicianscientists,apsaberkeley,"ASUC Sponsored 2026-27-Student Activity Groups, Professional Student Organizations, Undergraduate Organizations, Blue Heart Initiative Category",
American Railway Engineering and Maintenance-of-Way Association at Berkeley,https://callink.berkeley.edu/organization/arema,cal.transpo,"ASUC Sponsored 2026-27-Student Activity Groups, Engineering/Computer Science Student Organizations ",
American Red Cross at Cal 💙,https://callink.berkeley.edu/organization/arc,arcatcal,"ASUC Sponsored 2026-27-Student Initiated Service Groups, Service Student Organizations, Undergraduate Organizations, ABSA-Allocated Hearst Storage , Blue Heart Initiative Category",
American Sign Language at Berkeley 💙,https://callink.berkeley.edu/organization/studentsforamericansignlanguageatberkeley,aslatberkeley,"ASUC Sponsored 2026-27-Student Activity Groups, Undergraduate Organizations, Cultural & Identity/Cultural & Ethnic Student Organizations, Blue Heart Initiative Category",
American Society of Civil Engineers 💙,https://callink.berkeley.edu/organization/asce,calasce,"Engineering/Computer Science Student Organizations , Undergraduate Organizations, Blue Heart Initiative Category",
American Society of Landscape Architects,https://callink.berkeley.edu/organization/americansocietyoflandscapearchitects,berkeleylaep,Graduate Student Organizations ,
America’s ToothFairy at Berkeley 💙,https://callink.berkeley.edu/organization/americastoothfairy,berkstoothfairy,"ASUC Sponsored 2026-27-Student Initiated Service Groups, Service Student Organizations, Undergraduate Organizations, ABSA-Allocated ESH Storage, Blue Heart Initiative Category",
Amnesty International at Berkeley (formerly known as Amnesty International) 💙,https://callink.berkeley.edu/organization/amnestyinternationalberkeley,amnesty.berkeley,"Service Student Organizations, Undergraduate Organizations, Blue Heart Initiative Category",
Amores Valientes 💙,https://callink.berkeley.edu/organization/amoresvalientes,amores_valientes,"ASUC Sponsored 2026-27-Student Activity Groups, Cultural & Identity/International Student Organizations, Undergraduate Organizations, Blue Heart Initiative Category",
Anglican/Episcopal Ministry to Berkeley (formerly known as Korean Christian Biblical & Theological Studies),https://callink.berkeley.edu/organization/anglican-episcopal-ministry,cal_episcopal,"Spiritual Student Organizations, Undergraduate Organizations",
Animal Legal Defense Fund of Berkeley Law 💙,https://callink.berkeley.edu/organization/animallegaldefense,berkeleylaw.aldf,"Graduate Student Organizations , Blue Heart Initiative Category",
ANova,https://callink.berkeley.edu/organization/anova,berkeleyanova,"Service Student Organizations, Undergraduate Organizations",
Anre AI Berkeley 💙,https://callink.berkeley.edu/organization/anre,anre.ai,"Engineering/Computer Science Student Organizations , Undergraduate Organizations, Blue Heart Initiative Category",
Antitrust Law and Economics Association of Berkeley 💙,https://callink.berkeley.edu/organization/aleab,,"Graduate Student Organizations , Blue Heart Initiative Category",
AnyBody Can Dance,https://callink.berkeley.edu/organization/abcd,,"ASUC Sponsored 2026-27-Student Initiated Service Groups, Service Student Organizations",
Apple A Day,https://callink.berkeley.edu/organization/appleaday,,,
Argentine Tango Club of Berkeley 💙,https://callink.berkeley.edu/organization/argentinetangoclubofberkeley,berkeleytangoclub,"ASUC Sponsored 2026-27-Student Activity Groups, Performing Arts Student Organizations, Undergraduate Organizations, ABSA-Allocated Hearst Storage , Blue Heart Initiative Category",
Armenian Pre-Health Society 💙,https://callink.berkeley.edu/organization/armenianphs,,"Undergraduate Organizations, Cultural & Identity/Cultural & Ethnic Student Organizations, Blue Heart Initiative Category",
Armenian Pre-Law Society 💙,https://callink.berkeley.edu/organization/armenianprelawsociety,armenianprelawsociety,"Professional Student Organizations, Undergraduate Organizations, Blue Heart Initiative Category",
Armenian Students Association,https://callink.berkeley.edu/organization/armenianstudentsassociation,cal_asa,"ASUC Sponsored 2026-27-Student Activity Groups, Cultural & Identity/International Student Organizations, Undergraduate Organizations, ABSA-Allocated Hearst Storage ",
Army ROTC Cadet Club 💙,https://callink.berkeley.edu/organization/armyrotccadetclub,berkeley.cadetclub,"ASUC Sponsored 2026-27-Student Activity Groups, Academic Student Organizations, Undergraduate Organizations, Blue Heart Initiative Category",
Arnold Air Society,https://callink.berkeley.edu/organization/arnoldairsociety,doolittlesquadron,"ASUC Sponsored 2026-27-Student Activity Groups, Professional Student Organizations, Undergraduate Organizations, ABSA-Allocated Hearst Storage ",
Aro/Ace Space at Berkeley 💙,https://callink.berkeley.edu/organization/aroace,aroacespace.berkeley,"Undergraduate Organizations, LGBTQ+ Student Organizations, Blue Heart Initiative Category",
Art and Mind 💙,https://callink.berkeley.edu/organization/artandmind,artandmind.berkeley,"ASUC Sponsored 2026-27-Student Activity Groups, Arts Student Organizations, Undergraduate Organizations, ABSA-Allocated Hearst Storage , Blue Heart Initiative Category",
Artists in Resonance,https://callink.berkeley.edu/organization/artistsinresonance,artistsinresonance,"ASUC Sponsored 2026-27-Student Activity Groups, Performing Arts Student Organizations, Undergraduate Organizations",
ASCE Sustainable Solutions 💙,https://callink.berkeley.edu/organization/ascesustainablesolutions,calsustainable,"Engineering/Computer Science Student Organizations , Undergraduate Organizations, Blue Heart Initiative Category",
ASCEND,https://callink.berkeley.edu/organization/ascend,ascendberkeley,"ASUC Sponsored 2026-27-Student Activity Groups, Professional Student Organizations, Undergraduate Organizations",
"Asha for Education, Berkeley",https://callink.berkeley.edu/organization/asha,asha_berkeley,"ASUC Sponsored 2026-27-Student Initiated Service Groups, Service Student Organizations, Undergraduate Organizations, ABSA-Allocated Hearst Storage ",
Asian American and Pacific Islander Health Research Group,https://callink.berkeley.edu/organization/aapihrg,aapihrg,"Service Student Organizations, Undergraduate Organizations",
Asian American Association 💙,https://callink.berkeley.edu/organization/asianamericanassociation,ucberkeleyaaa,"ASUC Sponsored 2026-27-Student Activity Groups, Undergraduate Organizations, Cultural & Identity/Cultural & Ethnic Student Organizations, ABSA-Allocated Hearst Storage , Blue Heart Initiative Category",
Asian American Christian Fellowship 💙,https://callink.berkeley.edu/organization/aacf,calaacf,"Spiritual Student Organizations, Undergraduate Organizations, Blue Heart Initiative Category",
Asian American Law Journal 💙,https://callink.berkeley.edu/organization/aalj,aaljberkeley,"Graduate Student Organizations , Blue Heart Initiative Category",
Asian American Research Journal,https://callink.berkeley.edu/organization/asianamericanresearchjournal,cal.aarj,"Media & Publication Student Organizations, Undergraduate Organizations",
Asian Community Health,https://callink.berkeley.edu/organization/asiancommunityhealth,achberkeley,"Service Student Organizations, Undergraduate Organizations",
Asian Pacific American Law Students Association,https://callink.berkeley.edu/organization/apalsa,berkeleyapalsa,"Graduate Student Organizations , Blue Heart Initiative Category",
Aspiring Educators and Student Affairs Professionals at Berkeley (Formerly known as Aspiring Educators at Berkeley) 💙,https://callink.berkeley.edu/organization/aesap,aesapberkeley,"Academic Student Organizations, Undergraduate Organizations, Blue Heart Initiative Category",
Association for the Latinx MBA Advancement (ALMA) 💙,https://callink.berkeley.edu/organization/latinxmbaadvancement,,"Graduate Student Organizations , Haas MBA RSO, Blue Heart Initiative Category",
Association of Korean Artists,https://callink.berkeley.edu/organization/associationofkoreanartists,aka_berkeley,"ASUC Sponsored 2026-27-Student Activity Groups, Performing Arts Student Organizations, Undergraduate Organizations",
Association of Latino Professionals for America at Berkeley (ALPFA),https://callink.berkeley.edu/organization/alpfa,alpfaucberkeley,ASUC Sponsored 2026-27-Student Activity Groups,
Association of Muslims in Politics and Law,https://callink.berkeley.edu/organization/ampl,amplberkeley,"ASUC Sponsored 2026-27-Student Activity Groups, Professional Student Organizations",
Association of Women in Aerospace at Berkeley,https://callink.berkeley.edu/organization/associationofwomeninaerospaceatberkeley,,"Engineering/Computer Science Student Organizations , Undergraduate Organizations",
Association of Women in EECS 💙,https://callink.berkeley.edu/organization/associationofwomenineecs,awe.berkeley,"ASUC Sponsored 2026-27-Student Activity Groups, Engineering/Computer Science Student Organizations , Undergraduate Organizations, ABSA-Allocated ESH Storage, Blue Heart Initiative Category",
Astrophotography at Berkeley 💙,https://callink.berkeley.edu/organization/astrophotographyatberkeley,calastrophotography,"ASUC Sponsored 2026-27-Student Activity Groups, Media & Publication Student Organizations, Undergraduate Organizations, Blue Heart Initiative Category",
ASUC - Berkeley Student Media,https://callink.berkeley.edu/organization/publicationsandmediaboard,berkeleystudentmedia,ASUC Chartered Program,
ASUC - CalTV,https://callink.berkeley.edu/organization/caltv,caltv,"Undergraduate Organizations, ABSA-Allocated Hearst Storage , ABSA - Budgeted over $7500 Organizations, ASUC Chartered Program",
ASUC - Democratic Education at Cal,https://callink.berkeley.edu/organization/decaldemocraticeducationatcal,,"Undergraduate Organizations, ASUC Chartered Program",
ASUC - Grant & Scholarship Foundation,https://callink.berkeley.edu/organization/gsf,asuc_gsf,ASUC Chartered Program,
ASUC - Innovative Design,https://callink.berkeley.edu/organization/innovativedesign,innodatcal,"Engineering/Computer Science Student Organizations , ABSA-Allocated ESH Storage, ASUC Chartered Program",
ASUC - Open Computing Facility,https://callink.berkeley.edu/organization/ocf,,"Engineering/Computer Science Student Organizations , ABSA-Allocated MLK Space, ABSA - Budgeted over $7500 Organizations, ASUC Chartered Program",
ASUC - Student Legal Clinic,https://callink.berkeley.edu/organization/asucstudentlegalclinic,asuclegalclinic,"Undergraduate Organizations, ASUC Chartered Program",
ASUC - Student Union Program Entertainment & Recreation Board (SUPERB),https://callink.berkeley.edu/organization/superb,asucsuperb,"ABSA-Allocated MLK Space, ABSA-Allocated Hearst Storage , ASUC Chartered Program",
ASUC Administrative Office,https://callink.berkeley.edu/organization/asucadmin,,ASUC Government Offices,
ASUC Alumni Relations and Donor Committee,https://callink.berkeley.edu/organization/alumni,,ASUC Government Offices,
ASUC Appointed Officials Support Staff,https://callink.berkeley.edu/organization/appoff,,ASUC Government Offices,
ASUC Cultural Diversity Affairs Commission,https://callink.berkeley.edu/organization/asucculturaldiversityaffairscommission,,ASUC Coalition / Commission,
ASUC Disabled Students Commission,https://callink.berkeley.edu/organization/disabledstudentscomission,disabledstudentscommission,ASUC Coalition / Commission,
ASUC Elections Council,https://callink.berkeley.edu/organization/asucelectioncouncil,,ASUC Government Offices,
ASUC Grant & Scholarship Foundation | Purchase Request Page,https://callink.berkeley.edu/organization/gsfpr,,ASUC Government Offices,
ASUC Health Advocacy Commission,https://callink.berkeley.edu/organization/asuchealthadvocacycommission,asuchealthadvocacy,ASUC Coalition / Commission,
ASUC Housing Commission,https://callink.berkeley.edu/organization/asucstudenthousingcommission,asuchousing,"ASUC Government Offices, ABSA-Allocated ESH Storage",
ASUC Judicial Council,https://callink.berkeley.edu/organization/asucjudicialcouncil,,ASUC Government Offices,
ASUC Menstrual Equity Commission,https://callink.berkeley.edu/organization/asucmenstrualequity,cal.menstrual.equity,"ASUC Government Offices, ABSA-Allocated ESH Storage",
ASUC Mental Health Commission,https://callink.berkeley.edu/organization/asucmhc,asucmhc,"ASUC Coalition / Commission, ABSA-Allocated ESH Storage",
ASUC Office of Academic Affairs,https://callink.berkeley.edu/organization/asucacademicaffairsvicepresident,asucaavp,ASUC Government Offices,
ASUC Office of External Affairs,https://callink.berkeley.edu/organization/asucexternalaffairsvicepresident,,ASUC Government Offices,
ASUC Office of Senator Aarja R. Singh,https://callink.berkeley.edu/organization/asucsenatoraarjasingh,,ASUC Government Offices,
ASUC Office of Senator Ana Tovar,https://callink.berkeley.edu/organization/anatovar,,ASUC Government Offices,
ASUC Office of Senator Cece Hammond,https://callink.berkeley.edu/organization/asucsenatorcecehammond,,ASUC Government Offices,
ASUC Office of Senator Emma Enriquez,https://callink.berkeley.edu/organization/asucsenatoremmaenriquez,asucsenatorenriquez,ASUC Government Offices,
ASUC Office of Senator Gabby Torres,https://callink.berkeley.edu/organization/asucsenatorgabbytorres,,ASUC Government Offices,
ASUC Office of Senator Gurnoor Patti,https://callink.berkeley.edu/organization/asucsenatorgurnoorpatti,,ASUC Government Offices,
ASUC Office of Senator Hailey Cho,https://callink.berkeley.edu/organization/asucsenatorhaileycho,,ASUC Government Offices,
ASUC Office of Senator Jeffrey Lee,https://callink.berkeley.edu/organization/asucsenatorjeffreylee,,ASUC Government Offices,
ASUC Office of Senator Joseph Karlan,https://callink.berkeley.edu/organization/asucsenatorjosephkarlan,,ASUC Government Offices,
ASUC Office of Senator Karuna Gray,https://callink.berkeley.edu/organization/asucsenatorkarunagray,,ASUC Government Offices,
ASUC Office of Senator Maddie Chesebro,https://callink.berkeley.edu/organization/asucsenatormaddiechesebro,,ASUC Government Offices,
ASUC Office of Senator Matthew Pitcher,https://callink.berkeley.edu/organization/asucsenatormatthewpitcher,,ASUC Government Offices,
ASUC Office of Senator Mi Tang,https://callink.berkeley.edu/organization/asucsenatormitang,asucsenatortang,ASUC Government Offices,
ASUC Office of Senator Nicolle Aguilar,https://callink.berkeley.edu/organization/asucsenatornicolleaguilar,,ASUC Government Offices,
ASUC Office of Senator Nikita Jadhav,https://callink.berkeley.edu/organization/asucsenatornikitajadhav,,ASUC Government Offices,
ASUC Office of Senator Omar Espinoza,https://callink.berkeley.edu/organization/asucsenatoromarespinoza,,ASUC Government Offices,
ASUC Office of Senator Ryan Justice-Williams,https://callink.berkeley.edu/organization/asucsenatorryanjusticewilliams,,ASUC Government Offices,
ASUC Office of Senator Sandra Ding,https://callink.berkeley.edu/organization/asucsenatorsandrading,,ASUC Government Offices,
ASUC Office of Senator Tai Cassel Engen,https://callink.berkeley.edu/organization/asucsenatortaicasselengen,,ASUC Government Offices,
ASUC Office of Senator Tigran Aghbalyan,https://callink.berkeley.edu/organization/asucsenatortigranaghbalyan,,ASUC Government Offices,
ASUC Office of the Chief Communications Officer,https://callink.berkeley.edu/organization/asucocco,,ASUC Government Offices,
ASUC Office of the Chief Financial Officer,https://callink.berkeley.edu/organization/asucocfo,,ASUC Government Offices,
ASUC Office of the Chief Legal Officer,https://callink.berkeley.edu/organization/asucoclo,,ASUC Government Offices,
ASUC Office of the Chief Personnel Officer,https://callink.berkeley.edu/organization/asuccpo,asucpersonnel,ASUC Government Offices,
ASUC Office of the Chief Technology Officer,https://callink.berkeley.edu/organization/asucocto,,ASUC Government Offices,
ASUC Office of the Executive Vice President,https://callink.berkeley.edu/organization/asucexecutivevicepresident,,ASUC Government Offices,
ASUC Office of the President,https://callink.berkeley.edu/organization/asucpresidentsoffice,ucbpresident,ASUC Government Offices,
ASUC Office of the Transfer Student Representative - Varsha Torpunuri,https://callink.berkeley.edu/organization/asuctransferrep,,,
ASUC Restorative Justice Hub,https://callink.berkeley.edu/organization/asucrestorativejusticehub,,ASUC Chartered Program,
ASUC Senate,https://callink.berkeley.edu/organization/asucsenateonly,theasuc,ASUC Government Offices,
ASUC Sexual Violence Commission,https://callink.berkeley.edu/organization/asucsexualassaultcommission,asucsvc,"ASUC Coalition / Commission, ABSA-Allocated ESH Storage",
ASUC South Asian Ad Hoc Committee,https://callink.berkeley.edu/organization/saahc,chairniyati,ASUC Government Offices,
ASUC Student Advocate's Office,https://callink.berkeley.edu/organization/asucstudentadvocate,berkeleysao,ASUC Government Offices,
ASUC Sustainability Commission,https://callink.berkeley.edu/organization/asucsustainabilityteam,asuc.steam,"Environmental & Sustainability Student Organizations, ASUC Coalition / Commission, ABSA-Allocated ESH Storage",
ASUC Vote Coalition,https://callink.berkeley.edu/organization/asucvoteco,asucvoteco,ASUC Government Offices,
Atlas Strategy Group,https://callink.berkeley.edu/organization/atlasstrategygroup,,"Professional Student Organizations, Undergraduate Organizations",
Atrium,https://callink.berkeley.edu/organization/atrium,atrium.berkeley,"ASUC Sponsored 2026-27-Publication Groups, Media & Publication Student Organizations, Undergraduate Organizations",
Aurum Cosmetics 💙,https://callink.berkeley.edu/organization/aurumcosmetics,calaurumcosmetics,"ASUC Sponsored 2026-27-Student Activity Groups, Professional Student Organizations, Undergraduate Organizations, Blue Heart Initiative Category",
Aviation Club of Berkeley 💙,https://callink.berkeley.edu/organization/aviationclubofberkeley,aviationclubofberkeley,"Recreational Student Organizations, Undergraduate Organizations, Blue Heart Initiative Category",
Azaad,https://callink.berkeley.edu/organization/azaad,ucbazaad,"ASUC Sponsored 2026-27-Student Activity Groups, Performing Arts Student Organizations, Undergraduate Organizations",
Azerbaijanis at Berkeley 💙,https://callink.berkeley.edu/organization/azerbaijanisatberkeley,azerbaijanisatberkeley,"Cultural & Identity/International Student Organizations, Undergraduate Organizations, Blue Heart Initiative Category",
B PsychEd 💙,https://callink.berkeley.edu/organization/bpsyched,b_psyched_,"ASUC Sponsored 2026-27-Student Activity Groups, Academic Student Organizations, ABSA-Allocated Hearst Storage , Blue Heart Initiative Category",
"B-Side, The",https://callink.berkeley.edu/organization/b-side,berkeleybside,"Media & Publication Student Organizations, Undergraduate Organizations",
B. Collective,https://callink.berkeley.edu/organization/bcollective,,Graduate Student Organizations ,
Badminton Club at Berkeley,https://callink.berkeley.edu/organization/badmintonclubatberkeley,cal_badminton,"Recreational Student Organizations, Undergraduate Organizations, Sports Club",
Ballet & Books at Berkeley,https://callink.berkeley.edu/organization/balletandbooksatberkeley,balletbooksberkeley,"ASUC Sponsored 2026-27-Student Initiated Service Groups, Service Student Organizations, Undergraduate Organizations",
Ballet Folklorico Reflejos del Sol 💙,https://callink.berkeley.edu/organization/balletfolkloricoreflejosdemexico,reflejosdeucb,"ASUC Sponsored 2026-27-Student Activity Groups, Performing Arts Student Organizations, Undergraduate Organizations, ABSA-Allocated Hearst Storage , Blue Heart Initiative Category",
Bangali Student Association at Berkeley 💙,https://callink.berkeley.edu/organization/bsaatberkeley,bsaberkeley,"ASUC Sponsored 2026-27-Student Activity Groups, Cultural & Identity/International Student Organizations, Undergraduate Organizations, ABSA-Allocated Hearst Storage , Blue Heart Initiative Category",
Bangladeshi Students and Scholars at Berkeley (BSSB),https://callink.berkeley.edu/organization/bssb,,"Academic Student Organizations, Undergraduate Organizations",
BAPS Campus Fellowship,https://callink.berkeley.edu/organization/bapscampusfellowship,,"Spiritual Student Organizations, Undergraduate Organizations",
Barbell at Berkeley,https://callink.berkeley.edu/organization/barbellatberkeley,barbellatberkeley,"ASUC Sponsored 2026-27-Student Activity Groups, Recreational Student Organizations, Undergraduate Organizations, ABSA-Allocated Hearst Storage ",
BARE Magazine,https://callink.berkeley.edu/organization/baremagazine,baremagazine,"ASUC Sponsored 2026-27-Publication Groups, Media & Publication Student Organizations, Undergraduate Organizations, ABSA-Allocated Hearst Storage , ABSA-Allocated BNorth Space",
BareStage Productions,https://callink.berkeley.edu/organization/barestageproductions,barestageproductions,"Performing Arts Student Organizations, Undergraduate Organizations",
Baton Twirlers of Berkeley,https://callink.berkeley.edu/organization/batontwirlersofberkeley,cal.twirlers,Media & Publication Student Organizations,
Bay Area Environmentally Aware Consulting Network,https://callink.berkeley.edu/organization/beacn,cal.beacn,"ASUC Sponsored 2026-27-Student Activity Groups, ASUC Sponsored 2026-27-Student Initiated Service Groups, Professional Student Organizations, Undergraduate Organizations, ABSA-Allocated Hearst Storage ",
Bay Area Poetry Slam (formerly Slam Poetry at Berkeley),https://callink.berkeley.edu/organization/bayareapoetryslam,,"ASUC Sponsored 2026-27-Student Activity Groups, Performing Arts Student Organizations, Undergraduate Organizations",
Bay Area Vision Research Day,https://callink.berkeley.edu/organization/bavrd,berkeleyoptometry,Graduate Student Organizations ,
BCS Organizing Committee,https://callink.berkeley.edu/organization/berkeleychinasummit,,"Academic Student Organizations, Undergraduate Organizations",
Bear Power Fund 💙,https://callink.berkeley.edu/organization/bpf,calafrotc,"ASUC Sponsored 2026-27-Student Activity Groups, Academic Student Organizations, Undergraduate Organizations, ABSA-Allocated Hearst Storage , Blue Heart Initiative Category",
Bearettes Drill Team at Berkeley,https://callink.berkeley.edu/organization/thebearettes,thebearettes,"ASUC Sponsored 2026-27-Student Activity Groups, Performing Arts Student Organizations, OASIS Sponsored Organization, Undergraduate Organizations, ABSA-Allocated ESH Storage",
Bearrister Ballers,https://callink.berkeley.edu/organization/bearristerballers,,Graduate Student Organizations ,
Bears for Birds - Audubon at Berkeley 💙,https://callink.berkeley.edu/organization/bearsforbirds,bearsforbirds,"Environmental & Sustainability Student Organizations, Undergraduate Organizations, Blue Heart Initiative Category",
Bears for Israel,https://callink.berkeley.edu/organization/bearsforisrael,bearsforisrael,"Political & Advocacy Student Organizations, Undergraduate Organizations",
Bears for Palestine,https://callink.berkeley.edu/organization/bearsforpalestine,bearsforpalestine,"ASUC Sponsored 2026-27-Student Activity Groups, ASUC Sponsored 2026-27-Student Initiated Service Groups, Cultural & Identity/International Student Organizations, Undergraduate Organizations, ABSA-Allocated Hearst Storage ",
Beetle in a Box: Undergraduate Philosophy Review at Berkeley,https://callink.berkeley.edu/organization/beetleinabox,beetleinaboxcal,"ASUC Sponsored 2026-27-Publication Groups, Media & Publication Student Organizations, ABSA-Allocated Hearst Storage ",
Behavioral Economics Association at Berkeley,https://callink.berkeley.edu/organization/behavioral-economics-association-at-berkeley,beaatberkeley,"ASUC Sponsored 2026-27-Student Activity Groups, Professional Student Organizations, Undergraduate Organizations",
BERC Law 💙,https://callink.berkeley.edu/organization/berclaw,,"Graduate Student Organizations , Blue Heart Initiative Category",
BERC Undergraduate 💙,https://callink.berkeley.edu/organization/bercundergraduate,bercundergraduate,"ASUC Sponsored 2026-27-Student Activity Groups, Environmental & Sustainability Student Organizations, Undergraduate Organizations, Blue Heart Initiative Category",
BERKE1337 Cyber Security Team 💙,https://callink.berkeley.edu/organization/berke1337,ucberke1337,"Engineering/Computer Science Student Organizations , Undergraduate Organizations, Blue Heart Initiative Category",
Berkeley Art Museum Pacific Film Archive Student Committee,https://callink.berkeley.edu/organization/bampfasc,bampfasc,"Arts Student Organizations, Undergraduate Organizations",
Berkeley Bahai Club,https://callink.berkeley.edu/organization/berkeleybahaiclub,berkeleybahais,"Spiritual Student Organizations, Undergraduate Organizations",
Berkeley Ballroom Dancers 💙,https://callink.berkeley.edu/organization/berkeleyballroom,calballroom,"ASUC Sponsored 2026-27-Student Activity Groups, Performing Arts Student Organizations, Undergraduate Organizations, ABSA-Allocated Hearst Storage , Blue Heart Initiative Category",
Berkeley Carillon Guild,https://callink.berkeley.edu/organization/berkeleycarillonguild,ucbells,"ASUC Sponsored 2026-27-Student Activity Groups, Performing Arts Student Organizations, Undergraduate Organizations",
Berkeley Chinese Students and Scholars Association,https://callink.berkeley.edu/organization/bcssa,berkeley_cssa,"ASUC Sponsored 2026-27-Student Activity Groups, Cultural & Identity/International Student Organizations, Undergraduate Organizations",
Berkeley Christian Fellowship,https://callink.berkeley.edu/organization/berkeleychristianfellowship,berkeleychristianfellowship,"Spiritual Student Organizations, Undergraduate Organizations",
Berkeley College Republicans,https://callink.berkeley.edu/organization/berkeleycollegerepublicans,berkeleycollegerepublicans,"Political & Advocacy Student Organizations, Undergraduate Organizations",
Berkeley Consulting,https://callink.berkeley.edu/organization/1996,berkeleyconsulting,"Professional Student Organizations, Undergraduate Organizations",
Berkeley Economic Review,https://callink.berkeley.edu/organization/econreview,berkeleyeconrev,"ASUC Sponsored 2026-27-Publication Groups, Media & Publication Student Organizations, Undergraduate Organizations",
Berkeley Energy and Resources Collaborative (Graduate group) 💙,https://callink.berkeley.edu/organization/berc,ucberc,"Graduate Student Organizations , Haas MBA RSO, Blue Heart Initiative Category",
Berkeley Environmental Economics and Policy Students 💙,https://callink.berkeley.edu/organization/beeps,calbeeps,"Academic Student Organizations, Undergraduate Organizations, Blue Heart Initiative Category",
Berkeley Fiction Review 💙,https://callink.berkeley.edu/organization/berkeleyfictionreview,berkeleyfictionreview,"ASUC Sponsored 2026-27-Publication Groups, Media & Publication Student Organizations, Undergraduate Organizations, Blue Heart Initiative Category",
Berkeley Indonesian Student Association,https://callink.berkeley.edu/organization/bisa,berkeleybisa,"Cultural & Identity/International Student Organizations, Undergraduate Organizations",
Berkeley Innovation,https://callink.berkeley.edu/organization/berkeleyinnovation,berkeleyinnovation,"ASUC Sponsored 2026-27-Student Activity Groups, Professional Student Organizations, Undergraduate Organizations, ABSA-Allocated Hearst Storage ",
Berkeley Investment Group,https://callink.berkeley.edu/organization/berkeleyinvestmentgroup,berkeleyinvestmentgroup,"Professional Student Organizations, Undergraduate Organizations",
Berkeley Journal of Criminal Law 💙,https://callink.berkeley.edu/organization/gaberkeleyjournalofcriminallaw,bjclberkeley,"Graduate Student Organizations , Blue Heart Initiative Category",
Berkeley Journal of Employment and Labor Law,https://callink.berkeley.edu/organization/bjell,,"Graduate Student Organizations , Blue Heart Initiative Category",
Berkeley Journal of Entertainment and Sports Law 💙,https://callink.berkeley.edu/organization/bjesl,bjesl,"Graduate Student Organizations , Blue Heart Initiative Category",
"Berkeley Journal of Gender, Law & Justice 💙",https://callink.berkeley.edu/organization/gaberkeleyjournalofgenderlawandjustice,genderlawjustice,"Graduate Student Organizations , Blue Heart Initiative Category",
Berkeley Journal of International Law,https://callink.berkeley.edu/organization/bjil,,Graduate Student Organizations ,
Berkeley Medical Reserve Corps,https://callink.berkeley.edu/organization/bmrc,mrcberkeley,"ASUC Sponsored 2026-27-Student Initiated Service Groups, Service Student Organizations, Undergraduate Organizations",
Berkeley Model United Nations Conference (Formerly known as Berkeley Model United Nations),https://callink.berkeley.edu/organization/bmun,berkeleymun,"ASUC Sponsored 2026-27-Student Activity Groups, Service Student Organizations, Undergraduate Organizations, ABSA-Allocated Hearst Storage ",
Berkeley New Music Project 💙,https://callink.berkeley.edu/organization/berkeleynewmusicproject,,"Graduate Student Organizations , Blue Heart Initiative Category",
Berkeley Optometric Scholars (formerly known as Beta Sigma Kappa),https://callink.berkeley.edu/organization/berkeleyoptometricscholars,,Graduate Student Organizations ,
Berkeley Organization for Animal Advocacy 💙,https://callink.berkeley.edu/organization/boaa,boaa_ucb,"ASUC Sponsored 2026-27-Student Activity Groups, Political & Advocacy Student Organizations, Undergraduate Organizations, ABSA-Allocated Hearst Storage , Blue Heart Initiative Category",
Berkeley Poetry Review,https://callink.berkeley.edu/organization/berkeleypoetryreview,berkeleypoetryreview,"ASUC Sponsored 2026-27-Publication Groups, Media & Publication Student Organizations, Undergraduate Organizations, ABSA-Allocated Hearst Storage ",
"Berkeley Political Review, The",https://callink.berkeley.edu/organization/berkeleypoliticalreview,berkeleypoliticalreview,"ASUC Sponsored 2026-27-Publication Groups, Media & Publication Student Organizations, Undergraduate Organizations, ABSA-Allocated Hearst Storage , ABSA - Budgeted over $7500 Organizations",
Berkeley Pre-Law Society (formerly Berkeley Legal Studies Association) 💙,https://callink.berkeley.edu/organization/berkeleyprelawsociety,berkeleylegalstudies_,"Academic Student Organizations, Undergraduate Organizations, Blue Heart Initiative Category",
Berkeley Public Policy Journal,https://callink.berkeley.edu/organization/berkeleypublicpolicyjournal,,Graduate Student Organizations ,
Berkeley Review of Education,https://callink.berkeley.edu/organization/bre,,"Graduate Student Organizations , Blue Heart Initiative Category",
Berkeley Science Review,https://callink.berkeley.edu/organization/berkeleysciencereview,berkeleyscirev,Graduate Student Organizations ,
Berkeley Scientific Journal,https://callink.berkeley.edu/organization/bsj,bsj.berkeley,"ASUC Sponsored 2026-27-Publication Groups, Media & Publication Student Organizations, Undergraduate Organizations, ABSA-Allocated Hearst Storage ",
Berkeley Student Leadership Academy,https://callink.berkeley.edu/organization/berkeleystudentleadershipacademy,,Campus Departments,
Berkeley Technology Law Journal,https://callink.berkeley.edu/organization/btlj,,Graduate Student Organizations ,
Berkeley Tennis Association 💙,https://callink.berkeley.edu/organization/berkeleytennisassociation,berktennis,"ASUC Sponsored 2026-27-Student Activity Groups, Recreational Student Organizations, Undergraduate Organizations, ABSA-Allocated Hearst Storage , Blue Heart Initiative Category",
Berkeley Undergraduate Journal 💙,https://callink.berkeley.edu/organization/buj,buj_berkeley,"Media & Publication Student Organizations, Undergraduate Organizations, Blue Heart Initiative Category",
Berkeley Urban Studies Student Association 💙,https://callink.berkeley.edu/organization/bussa,berkeleyurbanstudies,"ASUC Sponsored 2026-27-Student Activity Groups, Academic Student Organizations, Undergraduate Organizations, ABSA-Allocated Hearst Storage , Blue Heart Initiative Category",
Berkeley Women in Business,https://callink.berkeley.edu/organization/berkeleywomeninbusiness,berkeleywib,"ASUC Sponsored 2026-27-Student Activity Groups, Undergraduate Organizations, Cultural & Identity/Women Interest Student Organizations, ABSA-Allocated Hearst Storage ",
Best Buddies at Berkeley 💙,https://callink.berkeley.edu/organization/bestbuddies,ucberkeleybestbuddies,"ASUC Sponsored 2026-27-Student Initiated Service Groups, Service Student Organizations, Undergraduate Organizations, ABSA-Allocated Hearst Storage , Blue Heart Initiative Category",
Beta Alpha Psi,https://callink.berkeley.edu/organization/berkeleybap,berkeleybap,"Professional Student Organizations, Undergraduate Organizations",
BETA at Berkeley,https://callink.berkeley.edu/organization/betaucb,,,
Beta Corporate Solutions,https://callink.berkeley.edu/organization/betacorporatesolutions,,"Professional Student Organizations, Undergraduate Organizations",
Beta Theta Pi,https://callink.berkeley.edu/organization/betathetapi,,CalGreeks Interfraternity Council (IFC) Fraternities,
Beyond Capitalism Club,https://callink.berkeley.edu/organization/beyondcapitalismclub,,"Graduate Student Organizations , Haas MBA RSO",
Bhagat Puran Singh Health Initiative at Berkeley 💙,https://callink.berkeley.edu/organization/berkeleybpshi,berkeleybpshi,"ASUC Sponsored 2026-27-Student Initiated Service Groups, Service Student Organizations, Undergraduate Organizations, ABSA-Allocated Hearst Storage , Blue Heart Initiative Category",
Bhakti Community,https://callink.berkeley.edu/organization/bhakticommunity,,,
BIA at Berkeley,https://callink.berkeley.edu/organization/biaatberkeley,biaberkeley,"ASUC Sponsored 2026-27-Student Activity Groups, Service Student Organizations, Undergraduate Organizations",
BicyCal 💙,https://callink.berkeley.edu/organization/bicycal,bicycal_,"ASUC Sponsored 2026-27-Student Activity Groups, Environmental & Sustainability Student Organizations, Undergraduate Organizations, Blue Heart Initiative Category",
Big Data at Berkeley,https://callink.berkeley.edu/organization/bigdataatberkeley,bigdata.berkeley,"Professional Student Organizations, Undergraduate Organizations",
Bike Builders of Berkeley,https://callink.berkeley.edu/organization/bikebuilders,bike_builders_of_berkeley,"Engineering/Computer Science Student Organizations , Undergraduate Organizations",
Bioengineering Honor Society,https://callink.berkeley.edu/organization/bioengineeringhonorsociety,cal.bioehs,"ASUC Sponsored 2026-27-Student Activity Groups, Engineering/Computer Science Student Organizations , Undergraduate Organizations, ABSA-Allocated Hearst Storage ",
BioethiCal,https://callink.berkeley.edu/organization/bioethical,bioethi.cal,"Academic Student Organizations, Undergraduate Organizations",
Biofuels Technology Club,https://callink.berkeley.edu/organization/biofuelstechnology,biofuelstechnology,"ASUC Sponsored 2026-27-Student Activity Groups, Engineering/Computer Science Student Organizations , Undergraduate Organizations",
Biomedical Engineering Society 💙,https://callink.berkeley.edu/organization/bmes,calbmes,"ASUC Sponsored 2026-27-Student Activity Groups, Engineering/Computer Science Student Organizations , Undergraduate Organizations, Blue Heart Initiative Category",
Bioprinting at Berkeley,https://callink.berkeley.edu/organization/bioprinting,,"ASUC Sponsored 2026-27-Student Activity Groups, Academic Student Organizations, Undergraduate Organizations",
Biostatistics Graduate Student Association 💙,https://callink.berkeley.edu/organization/bsgsa,,"Graduate Student Organizations , Blue Heart Initiative Category",
Biotech @Berkeley 💙,https://callink.berkeley.edu/organization/biotech,berkeleybiotech,"Graduate Student Organizations , Blue Heart Initiative Category",
Black Advocates for Equity in Health 💙,https://callink.berkeley.edu/organization/blackadvocatesforequityinhealth,,"Graduate Student Organizations , Blue Heart Initiative Category, Black/African American Student Community",
Black Business Student Association,https://callink.berkeley.edu/organization/bbsaathaas,blackathaas,"Graduate Student Organizations , Haas MBA RSO, Black/African American Student Community",
Black Campus Ministries at Berkeley,https://callink.berkeley.edu/organization/blackcampusministriescal,bcm_ucb,"ASUC Sponsored 2026-27-Student Activity Groups, Spiritual Student Organizations, Undergraduate Organizations, Black/African American Student Community",
Black Engineering and Science Students Association,https://callink.berkeley.edu/organization/bessa,ucbessa,"ASUC Sponsored 2026-27-Student Activity Groups, Engineering/Computer Science Student Organizations , Undergraduate Organizations, Black/African American Student Community",
Black Graduate Engineering and Science Students 💙,https://callink.berkeley.edu/organization/gablackgraduateengineeringandscience,bgess_86,"Graduate Student Organizations , Blue Heart Initiative Category, Black/African American Student Community",
Black Graduate Student Association,https://callink.berkeley.edu/organization/bgsa,bgsa_berkeley,"Graduate Student Organizations , Black/African American Student Community",
Black Pre-Dental Association,https://callink.berkeley.edu/organization/blackpredentalassocation,calbpda,"Professional Student Organizations, Undergraduate Organizations, Cultural & Identity/Cultural & Ethnic Student Organizations",
Black Pre-Law Association at Berkeley 💙,https://callink.berkeley.edu/organization/bplaberkeley,bplaberkeley,"Professional Student Organizations, Undergraduate Organizations, Blue Heart Initiative Category, Black/African American Student Community",
Black Recruitment and Retention Center,https://callink.berkeley.edu/organization/brrc,brrc_berkeley,"RRC - Recruitment & Retention Center, Undergraduate Organizations",
Black Student Athlete Community of Berkeley  (BSAC),https://callink.berkeley.edu/organization/blackstudentathletecommunityofberkeley,calbsac,"ASUC Sponsored 2026-27-Student Activity Groups, Undergraduate Organizations, Cultural & Identity/Cultural & Ethnic Student Organizations, Black/African American Student Community",
Black Students in Health Association 💙,https://callink.berkeley.edu/organization/bsha,calbsha,"ASUC Sponsored 2026-27-Student Activity Groups, Service Student Organizations, Undergraduate Organizations, Blue Heart Initiative Category, Black/African American Student Community",
Black Students in Public Policy [Formerly Blacks in Public Policy],https://callink.berkeley.edu/organization/bipp,,"Graduate Student Organizations , Black/African American Student Community",
Blackskies Investments (formerly known as Garuda Capital),https://callink.berkeley.edu/organization/blackskies-investments,blackskies.investments,"ASUC Sponsored 2026-27-Student Activity Groups, Academic Student Organizations, Undergraduate Organizations",
Blockchain at Berkeley,https://callink.berkeley.edu/organization/blockchain,calblockchain,"Professional Student Organizations, Undergraduate Organizations",
Blood Pressure Project 💙,https://callink.berkeley.edu/organization/bloodpressureproject,bloodpressureproject,"ASUC Sponsored 2026-27-Student Initiated Service Groups, Service Student Organizations, Undergraduate Organizations, ABSA-Allocated Hearst Storage , Blue Heart Initiative Category",
Blue and Gold Yearbook,https://callink.berkeley.edu/organization/yearbook,calbgyearbook,"ASUC Sponsored 2026-27-Publication Groups, Media & Publication Student Organizations, OASIS Sponsored Organization, Undergraduate Organizations, ABSA-Allocated MLK Space",
"Blueprint, Technology for Nonprofits",https://callink.berkeley.edu/organization/blueprint,calblueprint,"ASUC Sponsored 2026-27-Student Activity Groups, ASUC Sponsored 2026-27-Student Initiated Service Groups, Professional Student Organizations, Undergraduate Organizations",
Blueprints For Pangaea,https://callink.berkeley.edu/organization/blueprintsforpangaea,blueprints4pangaea_ucberkeley,"ASUC Sponsored 2026-27-Student Initiated Service Groups, Service Student Organizations, ABSA-Allocated Hearst Storage ",
BMO Student Organization Grant Program,https://callink.berkeley.edu/organization/bmogrant,,"Admin, Campus Departments",
Board Games at Berkeley 💙,https://callink.berkeley.edu/organization/boardgamesatberkeley,,"ASUC Sponsored 2026-27-Student Activity Groups, Recreational Student Organizations, Undergraduate Organizations, ABSA-Allocated Hearst Storage , Blue Heart Initiative Category",
Board of Advocates,https://callink.berkeley.edu/organization/gaboardofadvocates,,Graduate Student Organizations ,
Bone Health Initiative 💙,https://callink.berkeley.edu/organization/bhi,bhiberkeley,"ASUC Sponsored 2026-27-Student Activity Groups, Service Student Organizations, Undergraduate Organizations, Blue Heart Initiative Category",
Bootleg Comedy,https://callink.berkeley.edu/organization/bootlegcomedy,bootlegcomedy_ucb,"ASUC Sponsored 2026-27-Student Activity Groups, Performing Arts Student Organizations, Undergraduate Organizations, ABSA-Allocated Hearst Storage ",
Boricuas at Berkeley 💙,https://callink.berkeley.edu/organization/boricuas,berkeleyboricua,"Graduate Student Organizations , Blue Heart Initiative Category",
Botany at Berkeley,https://callink.berkeley.edu/organization/botany,,"ASUC Sponsored 2026-27-Student Activity Groups, Academic Student Organizations, Undergraduate Organizations, Blue Heart Initiative Category",
Brain Bridges,https://callink.berkeley.edu/organization/brainbridgesatberkeley,,"Service Student Organizations, Undergraduate Organizations",
Brainhub at Berkeley,https://callink.berkeley.edu/organization/brainhubatberkeley,brainhub_berkeley,Academic Student Organizations,
BrainScramble Magazine at Berkeley,https://callink.berkeley.edu/organization/brainscramblemagazine,brainscrambleberkeley,"Media & Publication Student Organizations, Undergraduate Organizations",
BrainTrust,https://callink.berkeley.edu/organization/braintrustatberkeley,braintrustatberkeley,"ASUC Sponsored 2026-27-Student Initiated Service Groups, Service Student Organizations, Undergraduate Organizations, ABSA-Allocated Hearst Storage ",
Brave Resistance Against Violence and Exploitation,https://callink.berkeley.edu/organization/braveresistance,braveberkeley,Graduate Student Organizations ,
Brazilian Student Association at Berkeley,https://callink.berkeley.edu/organization/brasa,brasaberkeley,"Cultural & Identity/International Student Organizations, Undergraduate Organizations",
Brick by Brick at Berkeley 💙,https://callink.berkeley.edu/organization/brickbybrick,bbbatberkeley,"ASUC Sponsored 2026-27-Student Activity Groups, Recreational Student Organizations, ABSA-Allocated Hearst Storage , Blue Heart Initiative Category",
Bridge Club 💙,https://callink.berkeley.edu/organization/bridgeclub,,"Recreational Student Organizations, Blue Heart Initiative Category",
bridges Multicultural Resource Center,https://callink.berkeley.edu/organization/bridgesmrc,bridgesmrc,"RRC - Recruitment & Retention Center, Undergraduate Organizations",
Brighter Smiles Initiative,https://callink.berkeley.edu/organization/brightersmilesinitiative,,"ASUC Sponsored 2026-27-Student Initiated Service Groups, Academic Student Organizations, Undergraduate Organizations",
BUILD Literacy Program,https://callink.berkeley.edu/organization/build,buildliteracy,"ASUC Sponsored 2026-27-Student Initiated Service Groups, Service Student Organizations, Undergraduate Organizations",
Burmese Students Association at Berkeley,https://callink.berkeley.edu/organization/burmesestudentsassociationatberkeley,calbursa,"ASUC Sponsored 2026-27-Student Activity Groups, Cultural & Identity/International Student Organizations, Undergraduate Organizations",
Business and Film Association,https://callink.berkeley.edu/organization/businessandfilmassociation,cal.bafa,"Media & Publication Student Organizations, Undergraduate Organizations",
Business and Software at Berkeley,https://callink.berkeley.edu/organization/calbsb,berkeleybsb,"ASUC Sponsored 2026-27-Student Activity Groups, Professional Student Organizations",
Business Careers in Entertainment Club,https://callink.berkeley.edu/organization/bcec,calbcec,"Professional Student Organizations, Undergraduate Organizations",
Business Review at Berkeley,https://callink.berkeley.edu/organization/brb,businessreviewberkeley,"Media & Publication Student Organizations, Undergraduate Organizations",
Butterfly Books at Berkeley,https://callink.berkeley.edu/organization/butterflybooksatberkeley,butterflybooksnonprofit,"Service Student Organizations, Undergraduate Organizations",
Cal Actuarial League 💙,https://callink.berkeley.edu/organization/calactuarialleague,calactuarialleague,"Professional Student Organizations, Undergraduate Organizations, ABSA-Allocated ESH Storage, Blue Heart Initiative Category",
Cal American Civil Liberties Union 💙,https://callink.berkeley.edu/organization/calaclu,calaclu,"ASUC Sponsored 2026-27-Student Activity Groups, Political & Advocacy Student Organizations, Undergraduate Organizations, ABSA-Allocated Hearst Storage , Blue Heart Initiative Category",
Cal Animage Alpha,https://callink.berkeley.edu/organization/calanimagealpha,calanimagealpha,"Media & Publication Student Organizations, Undergraduate Organizations",
Cal Archery,https://callink.berkeley.edu/organization/calarchery,archeryatberkeley,"Recreational Student Organizations, Undergraduate Organizations, Sports Club",
Cal Berkeley Democrats 💙,https://callink.berkeley.edu/organization/calberkeleydemocrats,caldems,"ASUC Sponsored 2026-27-Student Activity Groups, Political & Advocacy Student Organizations, Undergraduate Organizations, ABSA-Allocated ESH Storage, Blue Heart Initiative Category",
Cal Bhangra (formerly Golden Bear Competitive Bhangra),https://callink.berkeley.edu/organization/calbhangra,calbhangra,"Performing Arts Student Organizations, Undergraduate Organizations",
Cal Boxing,https://callink.berkeley.edu/organization/calboxing,calboxingclub,"Recreational Student Organizations, Undergraduate Organizations, Sports Club",
Cal Christian Fellowship 💙,https://callink.berkeley.edu/organization/calchristianfellowship-ivcf,calchristianfellowship,"Spiritual Student Organizations, Undergraduate Organizations, Blue Heart Initiative Category",
Cal Club Softball,https://callink.berkeley.edu/organization/calclubsoftball,calclubsoftball,"Recreational Student Organizations, Undergraduate Organizations, Sports Club",
Cal Club Tennis,https://callink.berkeley.edu/organization/calclubtennis,calclubtennis,"Recreational Student Organizations, Undergraduate Organizations, Sports Club",
Cal Copts 💙,https://callink.berkeley.edu/organization/calcopts,calcopts,"ASUC Sponsored 2026-27-Student Initiated Service Groups, Spiritual Student Organizations, Undergraduate Organizations, Blue Heart Initiative Category",
Cal Dragon Boat,https://callink.berkeley.edu/organization/caldb,caldragonboat,"ASUC Sponsored 2026-27-Student Activity Groups, Recreational Student Organizations, Undergraduate Organizations, ABSA-Allocated Hearst Storage ",
Cal Equestrian Club,https://callink.berkeley.edu/organization/calequestrian,cal_equestrian,"Recreational Student Organizations, Undergraduate Organizations, Sports Club",
Cal Fencing,https://callink.berkeley.edu/organization/fencing,cal.fencing,"Recreational Student Organizations, Undergraduate Organizations, Sports Club",
Cal Figure Skating,https://callink.berkeley.edu/organization/calfigureskating,calfigureskating,"Recreational Student Organizations, Undergraduate Organizations, Sports Club",
Cal Habitat for Humanity 💙,https://callink.berkeley.edu/organization/calhabitatforhumanity,calhabitat,"ASUC Sponsored 2026-27-Student Initiated Service Groups, Service Student Organizations, Undergraduate Organizations, ABSA-Allocated Hearst Storage , Blue Heart Initiative Category",
Cal Hang-Gliding Club,https://callink.berkeley.edu/organization/calhang-glidingclub,,"Recreational Student Organizations, Undergraduate Organizations",
Cal Hawai'i Club,https://callink.berkeley.edu/organization/calhawaiiclub,calhawaiiclub,"ASUC Sponsored 2026-27-Student Activity Groups, Undergraduate Organizations, Cultural & Identity/Cultural & Ethnic Student Organizations",
Cal Hiking and Outdoor Society 💙,https://callink.berkeley.edu/organization/calhikingandoutdoorsociety,berkeleychaos,"ASUC Sponsored 2026-27-Student Activity Groups, Recreational Student Organizations, Undergraduate Organizations, ABSA-Allocated Hearst Storage , Blue Heart Initiative Category",
Cal in the Capital,https://callink.berkeley.edu/organization/calinthecapital,cal_inthecapital,"Berkeley Public Service Center Designated, ASUC Sponsored 2026-27-Student Activity Groups, Service Student Organizations, Undergraduate Organizations",
Cal Japan Club,https://callink.berkeley.edu/organization/caljapanclub,caljapanclub,"ASUC Sponsored 2026-27-Student Activity Groups, Undergraduate Organizations, Cultural & Identity/Cultural & Ethnic Student Organizations, ABSA-Allocated Hearst Storage ",
Cal Lightweight Rowing,https://callink.berkeley.edu/organization/callightweightrowing,,"ASUC Sponsored 2026-27-Student Activity Groups, Recreational Student Organizations, Undergraduate Organizations, Sports Club",
Cal Men's Club Lacrosse,https://callink.berkeley.edu/organization/calmensclublacrosse,,"Recreational Student Organizations, Undergraduate Organizations, Sports Club",
Cal Men’s Club Soccer,https://callink.berkeley.edu/organization/calmensclubsoccer,calmclubsoc,"Recreational Student Organizations, Undergraduate Organizations, Sports Club",
Cal Men’s Club Water Polo,https://callink.berkeley.edu/organization/calmensclubwaterpolo,calmensclubwaterpolo,"Recreational Student Organizations, Undergraduate Organizations, Sports Club",
Cal Men’s Volleyball Club,https://callink.berkeley.edu/organization/mensvolleyballclub,calclubvolleyball,"Recreational Student Organizations, Undergraduate Organizations, Sports Club",
Cal Pre-Vet Club 💙,https://callink.berkeley.edu/organization/calprevetclub,calprevetclub,"ASUC Sponsored 2026-27-Student Activity Groups, Professional Student Organizations, Undergraduate Organizations, ABSA-Allocated Hearst Storage , Blue Heart Initiative Category",
Cal Queer & Asian 💙,https://callink.berkeley.edu/organization/calqueerandasian,calqanda,"ASUC Sponsored 2026-27-Student Activity Groups, Undergraduate Organizations, LGBTQ+ Student Organizations, ABSA-Allocated Hearst Storage , Blue Heart Initiative Category",
Cal Rotaract 💙,https://callink.berkeley.edu/organization/calrotaract,calrotaract,"ASUC Sponsored 2026-27-Student Initiated Service Groups, Service Student Organizations, Undergraduate Organizations, ABSA-Allocated Hearst Storage , Blue Heart Initiative Category",
Cal Running Club 💙,https://callink.berkeley.edu/organization/calrunningclub,calrunningclub,"Recreational Student Organizations, Undergraduate Organizations, Blue Heart Initiative Category",
Cal Sailing Team,https://callink.berkeley.edu/organization/calsailingteam,calsailing,"Recreational Student Organizations, Undergraduate Organizations, Sports Club",
Cal Seismic Design Team 💙,https://callink.berkeley.edu/organization/calseimicdesignteam,calseismic,"Engineering/Computer Science Student Organizations , Undergraduate Organizations, Blue Heart Initiative Category",
Cal Table Tennis Club,https://callink.berkeley.edu/organization/caltabletennis,calttc,"Recreational Student Organizations, Undergraduate Organizations, Sports Club",
Cal Taiko,https://callink.berkeley.edu/organization/caltaiko,calraijintaiko,"ASUC Sponsored 2026-27-Student Activity Groups, Performing Arts Student Organizations, Undergraduate Organizations, ABSA-Allocated Hearst Storage ",
Cal Triathlon (Cal Tri),https://callink.berkeley.edu/organization/caltriathlon,cal_triathlon,"Recreational Student Organizations, Undergraduate Organizations, Sports Club",
Cal Undergraduate Public Health Coalition,https://callink.berkeley.edu/organization/caluphc,caluphc,"ASUC Sponsored 2026-27-Student Activity Groups, Academic Student Organizations, Undergraduate Organizations, ABSA-Allocated Hearst Storage ",
Cal Women’s Club Lacrosse,https://callink.berkeley.edu/organization/womensclublacrosse,calwclublax,"Recreational Student Organizations, Undergraduate Organizations, Sports Club",
Cal Women’s Club Soccer,https://callink.berkeley.edu/organization/calwomensclubsoccer,,"Recreational Student Organizations, Undergraduate Organizations, Sports Club",
Cal Women’s Club Volleyball,https://callink.berkeley.edu/organization/womensclubvolleyball,calclubvolleyball,"Recreational Student Organizations, Undergraduate Organizations, Sports Club",
Cal Women’s Club Water Polo Team,https://callink.berkeley.edu/organization/calwomensclubwaterpolo,calwclubwp,"Recreational Student Organizations, Undergraduate Organizations, Sports Club",
Cal Women’s Ultimate (Pie Queens),https://callink.berkeley.edu/organization/piequeens,pie.queens,"Recreational Student Organizations, Undergraduate Organizations, Sports Club",
CalGreeks - Fraternity & Sorority Life,https://callink.berkeley.edu/organization/cgcef,,"CalGreeks Fraternity & Sorority Affinity Groups, CalGreeks Interfraternity Council (IFC) Fraternities, CalGreeks Multicultural Greek Council (MCGC) Fraternities & Sororities, CalGreeks National Pan-Hellenic Council (NPHC) Fraternities & Sororities, CalGreeks Panhellenic Council (PHC) Sororities",
CALICO Informatics Competition 💙,https://callink.berkeley.edu/organization/calico,berkeleycalico,"ASUC Sponsored 2026-27-Student Activity Groups, Engineering/Computer Science Student Organizations , Undergraduate Organizations, Blue Heart Initiative Category",
California Golden Overtones,https://callink.berkeley.edu/organization/californiagoldenovertones,californiagoldenovertones,"ASUC Sponsored 2026-27-Student Activity Groups, Performing Arts Student Organizations",
California Health Professional Student Alliance at Berkeley,https://callink.berkeley.edu/organization/cahpsa,cahpsaberkeley,"ASUC Sponsored 2026-27-Student Activity Groups, Political & Advocacy Student Organizations, Undergraduate Organizations",
California Ice Hockey,https://callink.berkeley.edu/organization/californiaicehockey,calicehockey,"Recreational Student Organizations, Undergraduate Organizations, Sports Club",
California Legal Studies Journal,https://callink.berkeley.edu/organization/californialegalstudiesjournal,clsj.berkeley,"ASUC Sponsored 2026-27-Student Activity Groups, Media & Publication Student Organizations",
California Mock Trial,https://callink.berkeley.edu/organization/californiamocktrial,calmocktrial,"ASUC Sponsored 2026-27-Student Activity Groups, OASIS Sponsored Organization, Undergraduate Organizations, ABSA-Allocated Hearst Storage , ABSA - Budgeted over $7500 Organizations",
California Women's Rugby,https://callink.berkeley.edu/organization/calwomensrugby,calwomensrugby,"Recreational Student Organizations, Undergraduate Organizations, Sports Club",
"Californians, The",https://callink.berkeley.edu/organization/californiansthe,ucberkeleyscc,"OASIS Sponsored Organization, Undergraduate Organizations",
CALLINK TEST ORGANIZATION,https://callink.berkeley.edu/organization/callinktestorganization,,"Admin, Service Student Organizations, Undergraduate Organizations",
CalSol 💙,https://callink.berkeley.edu/organization/calsol,berkeleycalsol,"Engineering/Computer Science Student Organizations , Undergraduate Organizations, Blue Heart Initiative Category",
Camp Kesem Berkeley 💙,https://callink.berkeley.edu/organization/campkesem,kesemberkeley,"Service Student Organizations, Undergraduate Organizations, Blue Heart Initiative Category",
Campus Dept | African American Student Development,https://callink.berkeley.edu/organization/aasd,,Campus Departments,
Campus Dept | African American Studies,https://callink.berkeley.edu/organization/africanamericanstudies,,"ES - Ethnic Studies, Campus Departments",
Campus Dept | Asian American Studies,https://callink.berkeley.edu/organization/asianamericanstudies,,"ES - Ethnic Studies, Campus Departments",
Campus Dept | Asian Pacific American Student Development,https://callink.berkeley.edu/organization/apasd,,Campus Departments,
Campus Dept | ASUC Student Union,https://callink.berkeley.edu/organization/berkeleystudentunion,berkeleystudentunion,,
Campus Dept | Basic Needs Center,https://callink.berkeley.edu/organization/basicneedscenter,,,
Campus Dept | Bears for Financial Success,https://callink.berkeley.edu/organization/bearsforfinancialsuccess,ucb.bffs,Campus Departments,
Campus Dept | Bears that Care,https://callink.berkeley.edu/organization/bearsthatcare,calbearsthatcare,,
Campus Dept | Berkeley Art Museum & Pacific Film Archive,https://callink.berkeley.edu/organization/berkeleyartmuseumpacificfilm,,,
Campus Dept | Berkeley Art Studio,https://callink.berkeley.edu/organization/artstudio,,Campus Departments,
Campus Dept | Berkeley Arts + Design,https://callink.berkeley.edu/organization/berkeleyartsanddesign,berkeleyartsdesign,,
Campus Dept | Berkeley International Office,https://callink.berkeley.edu/organization/berkeleyinternationaloffice,ucbintloffice,Campus Departments,
Campus Dept | Berkeley Language Center,https://callink.berkeley.edu/organization/berkeleylanguagecenter,,Campus Departments,
Campus Dept | Berkeley Study Abroad,https://callink.berkeley.edu/organization/berkeleystudyabroad,ucbstudyabroad,,
Campus Dept | Berkeley Summer Sessions,https://callink.berkeley.edu/organization/berkeleysummersessions,ucberkeleysummer,Campus Departments,
Campus Dept | Big Ideas@Berkeley,https://callink.berkeley.edu/organization/bigideasberkeley,,,
Campus Dept | Cal Athletics,https://callink.berkeley.edu/organization/calathletics,calathletics,Campus Departments,
Campus Dept | Cal Dining,https://callink.berkeley.edu/organization/caldining,caldining,,
Campus Dept | Cal Interfaith Council,https://callink.berkeley.edu/organization/cic,,,
Campus Dept | Cal Performances,https://callink.berkeley.edu/organization/calperformances,cal_performances,,
Campus Dept | CalTeach,https://callink.berkeley.edu/organization/calteach,,,
Campus Dept | Center for Support and Intervention,https://callink.berkeley.edu/organization/csi,,,
Campus Dept | Chicano Studies,https://callink.berkeley.edu/organization/chicanostudies,,"ES - Ethnic Studies, Campus Departments",
Campus Dept | Chicanx Latinx Student Development,https://callink.berkeley.edu/organization/clsd,,Campus Departments,
Campus Dept | Disability Cultural Community Center,https://callink.berkeley.edu/organization/disabilityculturalcommunitycenter,,,
Campus Dept | Disabled Students' Program,https://callink.berkeley.edu/organization/disabledstudentsprogram,,,
Campus Dept | EJCE - Educational Justice & Community Engagement,https://callink.berkeley.edu/organization/ejce,,,
Campus Dept | Event Services at the Student Union,https://callink.berkeley.edu/organization/eventservices,,Campus Departments,
Campus Dept | Experimental Social Science Laboratory,https://callink.berkeley.edu/organization/experimentalsocialsciencelaboratory,,,
Campus Dept | Financial Aid and Scholarships,https://callink.berkeley.edu/organization/financialaidandscholarships,,Campus Departments,
Campus Dept | Future Histories Lab,https://callink.berkeley.edu/organization/futurehistorieslab,futurehistorieslab,Campus Departments,
Campus Dept | Jacobs Institute for Design Innovation,https://callink.berkeley.edu/organization/jacobsinstitute,jacobsdesigncal,Campus Departments,
Campus Dept | Multicultural Community Center,https://callink.berkeley.edu/organization/mcc,mccberkeley,Campus Departments,
Campus Dept | Native American Student Development,https://callink.berkeley.edu/organization/nasd,,Campus Departments,
Campus Dept | Native American Studies,https://callink.berkeley.edu/organization/nativeamericanstudies,,"ES - Ethnic Studies, Campus Departments",
Campus Dept | New Student Services,https://callink.berkeley.edu/organization/newstudentservices,,,
Campus Dept | OASIS - Organization Advising & Student Involvement Services,https://callink.berkeley.edu/organization/leadcenter,ucberkeleyoasis,Campus Departments,
Campus Dept | Office of Emergency Management,https://callink.berkeley.edu/organization/officeofemergencymanagement,,Campus Departments,
Campus Dept | Office of Student Development,https://callink.berkeley.edu/organization/osd,,Campus Departments,
Campus Dept | Office of Sustainability & Carbon Solutions,https://callink.berkeley.edu/organization/officeofsustainability,,Campus Departments,
Campus Dept | Office of Undergraduate Research & Scholarships,https://callink.berkeley.edu/organization/undergraduateresearchscholarships,,,
Campus Dept | Parking and Transportation,https://callink.berkeley.edu/organization/parkingandtransportation,berkeleymoves,Campus Departments,
Campus Dept | PATH to Care Center,https://callink.berkeley.edu/organization/pathtocare,pathtocareucb,,
Campus Dept | Publications and Media Center,https://callink.berkeley.edu/organization/publicationsandmediacenter,,ABSA-Allocated MLK Space,
Campus Dept | Service Group Community Page,https://callink.berkeley.edu/organization/servicegroupcommunity,,,
Campus Dept | Student Environmental Resource Center,https://callink.berkeley.edu/organization/serc,,"Campus Departments, Environmental & Sustainability Student Organizations",
Campus Dept | Student Learning Center,https://callink.berkeley.edu/organization/studentlearningcenter,,,
Campus Dept | Student Opportunity Fund (SOF),https://callink.berkeley.edu/organization/sof,,Campus Departments,
Campus Dept | Student Technology Services,https://callink.berkeley.edu/organization/studenttechnologyservices,studenttechservices,,
Campus Dept | The Green Initiative Fund,https://callink.berkeley.edu/organization/tgif,tgifberkeley,"Admin, Campus Departments, Environmental & Sustainability Student Organizations",
Campus Dept | Transfer Student Center,https://callink.berkeley.edu/organization/transferstudentcenter,,Campus Departments,
Campus Dept | UC Berkeley Campus Libraries,https://callink.berkeley.edu/organization/campuslibraries,ucberkeleylibrary,Campus Departments,
Campus Dept | UC Berkeley Career Center,https://callink.berkeley.edu/organization/careercenter,calcareercenter,Campus Departments,
Campus Dept | UC Berkeley Gender Equity Resource Center,https://callink.berkeley.edu/organization/geneq,,"Admin, Campus Departments",
Campus Dept | UC Berkeley Naval Reserve Officer Training Corps,https://callink.berkeley.edu/organization/ucberkeleynavalreserveofficertrainingcorps,,,
Campus Dept | UC Berkeley Public Service Center,https://callink.berkeley.edu/organization/publicservicecenter,,"Admin, Campus Departments",
Campus Dept | UC Berkeley Washington Program (UCDC),https://callink.berkeley.edu/organization/ucdc,,,
Campus Dept | UCPD,https://callink.berkeley.edu/organization/ucpd,ucberkeleypolice,,
Campus Dept | University Health Services,https://callink.berkeley.edu/organization/uhs,,Campus Departments,
Campus Evangelistic Fellowship - Mandarin Group 💙,https://callink.berkeley.edu/organization/cef,,"Graduate Student Organizations , Blue Heart Initiative Category",
Capital Investments at Berkeley,https://callink.berkeley.edu/organization/cib,berkeleycib,"Professional Student Organizations, Undergraduate Organizations",
Capri Club,https://callink.berkeley.edu/organization/capriclub,,"ASUC Sponsored 2026-27-Student Activity Groups, Spiritual Student Organizations, Undergraduate Organizations",
Caravan Travel & Style Magazine,https://callink.berkeley.edu/organization/caravan,read.caravan,"ASUC Sponsored 2026-27-Publication Groups, Media & Publication Student Organizations, Undergraduate Organizations",
Career Readiness Program at Berkeley 💙,https://callink.berkeley.edu/organization/crpatberkeley,calopportunities,"ASUC Sponsored 2026-27-Student Initiated Service Groups, Service Student Organizations, Undergraduate Organizations, Blue Heart Initiative Category",
Caribbean Coalition at Berkeley,https://callink.berkeley.edu/organization/caribbeancoalition,thecaribbeanco,,
Caribbean Student Association 💙,https://callink.berkeley.edu/organization/caribbeanstudentassociation,calcaribbeansa,"ASUC Sponsored 2026-27-Student Activity Groups, Undergraduate Organizations, Cultural & Identity/Cultural & Ethnic Student Organizations, ABSA-Allocated Hearst Storage , Blue Heart Initiative Category",
CASCADE: Community Service,https://callink.berkeley.edu/organization/cascade,cascade.berkeley,"ASUC Sponsored 2026-27-Student Initiated Service Groups, Service Student Organizations, Undergraduate Organizations, ABSA-Allocated ESH Storage",
Catholics at Cal (Formerly known as Catholic Students at Cal - Newman Hall) 💙,https://callink.berkeley.edu/organization/catholicsatcal,catholicsatcal,"ASUC Sponsored 2026-27-Student Activity Groups, Spiritual Student Organizations, Undergraduate Organizations, Blue Heart Initiative Category",
CED Students of Color 💙,https://callink.berkeley.edu/organization/cedsoc,ucb_cedsoc,"Graduate Student Organizations , Blue Heart Initiative Category",
CEE Graduate Student Society 💙,https://callink.berkeley.edu/organization/gaceegss,,"Graduate Student Organizations , Blue Heart Initiative Category",
Celli@Berkeley,https://callink.berkeley.edu/organization/celli,wearecelli,"ASUC Sponsored 2026-27-Student Activity Groups, Performing Arts Student Organizations, Undergraduate Organizations",
Central Asian Student Association at Berkeley 💙,https://callink.berkeley.edu/organization/centralasianstudentassociation,centralasiaberkeley,"ASUC Sponsored 2026-27-Student Activity Groups, Undergraduate Organizations, Cultural & Identity/Cultural & Ethnic Student Organizations, Blue Heart Initiative Category",
Central Valley at Berkeley,https://callink.berkeley.edu/organization/centralvalleyatcal,centralvalleyatcal,"Service Student Organizations, Undergraduate Organizations",
Chabad Jewish Student Group at Berkeley,https://callink.berkeley.edu/organization/chabad,chabaducberkeley,"Spiritual Student Organizations, Undergraduate Organizations",
ChemE Car,https://callink.berkeley.edu/organization/chemecar,calchemecar,"ASUC Sponsored 2026-27-Student Activity Groups, Engineering/Computer Science Student Organizations , Undergraduate Organizations",
Chemical and Biomolecular Engineering Graduate Student Advisory Committee,https://callink.berkeley.edu/organization/cbegsac,,Graduate Student Organizations ,
Chemistry Graduate Life Committee 💙,https://callink.berkeley.edu/organization/gachemistrygraduatelifecommittee,ucbglc,"Graduate Student Organizations , Blue Heart Initiative Category",
Chess Club at Berkeley 💙,https://callink.berkeley.edu/organization/ccab,ucbchess,"ASUC Sponsored 2026-27-Student Activity Groups, Recreational Student Organizations, Undergraduate Organizations, ABSA-Allocated Hearst Storage , Blue Heart Initiative Category",
Chi Epsilon - Civil Engineering Honor Society,https://callink.berkeley.edu/organization/chiepsilon,berkeleyxe,"Engineering/Computer Science Student Organizations , Undergraduate Organizations",
Chi Omega,https://callink.berkeley.edu/organization/chiomega,,CalGreeks Panhellenic Council (PHC) Sororities,
Chi Phi,https://callink.berkeley.edu/organization/chiphi,,CalGreeks Interfraternity Council (IFC) Fraternities,
Chicanx/ Latinx Architecture Student Association,https://callink.berkeley.edu/organization/casa,casaberkeley,"ASUC Sponsored 2026-27-Student Activity Groups, Undergraduate Organizations, Cultural & Identity/Cultural & Ethnic Student Organizations",
China Law Association at Berkeley,https://callink.berkeley.edu/organization/chinalawassnberkeley,,Graduate Student Organizations ,
Chinese A Cappella at Berkeley,https://callink.berkeley.edu/organization/chineseacappella,bcacappella,"ASUC Sponsored 2026-27-Student Activity Groups, Performing Arts Student Organizations, Undergraduate Organizations",
Chinese Finance Club,https://callink.berkeley.edu/organization/cfc,cfc.berkeley,"Professional Student Organizations, Undergraduate Organizations",
Chinese Graduate and Postdoctoral Scholars Association,https://callink.berkeley.edu/organization/gacgpsa,,Graduate Student Organizations ,
Chinese Martial Arts Appreciation Club,https://callink.berkeley.edu/organization/cmaac,,ASUC Sponsored 2026-27-Student Activity Groups,
Chinese Student Association,https://callink.berkeley.edu/organization/csa,csaberkeley,"ASUC Sponsored 2026-27-Student Activity Groups, Cultural & Identity/International Student Organizations, Undergraduate Organizations, ABSA-Allocated Hearst Storage , ABSA - Budgeted over $7500 Organizations",
Chris Kindness Club 💙,https://callink.berkeley.edu/organization/chriskindness,chriskindnessaward,"Service Student Organizations, Undergraduate Organizations, Blue Heart Initiative Category",
Christ Pursuers on Campus 💙,https://callink.berkeley.edu/organization/christpursuersoncampus,,"Spiritual Student Organizations, Undergraduate Organizations, Blue Heart Initiative Category",
Christian Faith Fellowship at Berkeley,https://callink.berkeley.edu/organization/christianfaithfellowship,,"ASUC Sponsored 2026-27-Student Activity Groups, Spiritual Student Organizations",
Christians at BerkeleyLaw 💙,https://callink.berkeley.edu/organization/christiansatberkeleylaw,,Blue Heart Initiative Category,
Christians on Campus 💙,https://callink.berkeley.edu/organization/christiansoncampus,coc_ucb,"ASUC Sponsored 2026-27-Student Activity Groups, Spiritual Student Organizations, Undergraduate Organizations, Blue Heart Initiative Category",
Chronic Health Advocacy and Outreach,https://callink.berkeley.edu/organization/chao,berkeleychao,Professional Student Organizations,
Chun Jin Ahm 💙,https://callink.berkeley.edu/organization/chunjinahm,chunjinahm,"ASUC Sponsored 2026-27-Student Activity Groups, Spiritual Student Organizations, Undergraduate Organizations, ABSA-Allocated Hearst Storage , Blue Heart Initiative Category",
Cinematic Arts and Production Club,https://callink.berkeley.edu/organization/capstudiosberkeley,capstudiosberkeley,"ASUC Sponsored 2026-27-Student Activity Groups, Media & Publication Student Organizations, Undergraduate Organizations, ABSA-Allocated Hearst Storage ",
Circle K International 💙,https://callink.berkeley.edu/organization/cki,ucbcki,"ASUC Sponsored 2026-27-Student Activity Groups, Service Student Organizations, Undergraduate Organizations, ABSA-Allocated Hearst Storage , Blue Heart Initiative Category",
City Planning + Public Health Master's Students Committee,https://callink.berkeley.edu/organization/mcpmph,,Graduate Student Organizations ,
Civil and Environmental Engineering For Anti-Racism 💙,https://callink.berkeley.edu/organization/ceefar,cee.far,"Graduate Student Organizations , Blue Heart Initiative Category",
Civil and Environmental Engineering Joint Fundraising Committee 💙,https://callink.berkeley.edu/organization/ceejfc,,"Engineering/Computer Science Student Organizations , Undergraduate Organizations",
ClinicConnects 💙,https://callink.berkeley.edu/organization/clinicconnects,clinicconnects,"Service Student Organizations, Undergraduate Organizations, Blue Heart Initiative Category",
Club Golf at Berkeley,https://callink.berkeley.edu/organization/clubgolfatberkeley,clubgolfatberkeley,"Recreational Student Organizations, Undergraduate Organizations, Sports Club",
CMG Strategy Consulting (Formerly Creative Marketing Group),https://callink.berkeley.edu/organization/cmgstrategyconsulting,berkeleycmg,"Professional Student Organizations, Undergraduate Organizations",
CNMAT Users Group 💙,https://callink.berkeley.edu/organization/gacnmatusersgroup,,"Graduate Student Organizations , Blue Heart Initiative Category",
Code for Good,https://callink.berkeley.edu/organization/codeforgood,codeforgoodcal,"ASUC Sponsored 2026-27-Student Activity Groups, Service Student Organizations, Undergraduate Organizations, ABSA-Allocated Hearst Storage ",
Codebase,https://callink.berkeley.edu/organization/codebase,berkeleycodebase,"Professional Student Organizations, Undergraduate Organizations",
Codeology,https://callink.berkeley.edu/organization/codeology,berkeleycodeology,"ASUC Sponsored 2026-27-Student Activity Groups, Professional Student Organizations, Undergraduate Organizations, ABSA-Allocated Hearst Storage ",
Codify,https://callink.berkeley.edu/organization/codify,codifyberkeley,"ASUC Sponsored 2026-27-Student Activity Groups, Professional Student Organizations, Undergraduate Organizations, ABSA-Allocated Hearst Storage ",
Cognitive Science Students Association 💙,https://callink.berkeley.edu/organization/cssa,cssa.berkeley,"ASUC Sponsored 2026-27-Student Activity Groups, Academic Student Organizations, Undergraduate Organizations, Blue Heart Initiative Category",
College Admissions Mentorship Program (Formerly People's Test Preparation Service),https://callink.berkeley.edu/organization/camp,,"Service Student Organizations, Undergraduate Organizations",
ColorStack at Berkeley 💙,https://callink.berkeley.edu/organization/colorstackatberkeley,colorstack_berkeley,"Engineering/Computer Science Student Organizations , Undergraduate Organizations, Blue Heart Initiative Category",
Combat Robotics at Berkeley 💙,https://callink.berkeley.edu/organization/combatrobotics,glitch.battlebots,"ASUC Sponsored 2026-27-Student Activity Groups, Recreational Student Organizations, Undergraduate Organizations, ABSA-Allocated Hearst Storage , Blue Heart Initiative Category",
Community Health & Wellness,https://callink.berkeley.edu/organization/communityhealthandwellness,curahealthucb,"ASUC Sponsored 2026-27-Student Initiated Service Groups, Service Student Organizations, Undergraduate Organizations, ABSA-Allocated Hearst Storage ",
Community Projects,https://callink.berkeley.edu/organization/communityprojects,calcommunityprojects,"ASUC Sponsored 2026-27-Student Initiated Service Groups, Service Student Organizations, Undergraduate Organizations",
Comparative Literature Publication Association,https://callink.berkeley.edu/organization/clpa,,"ASUC Sponsored 2026-27-Publication Groups, Media & Publication Student Organizations, Undergraduate Organizations",
Compas at Berkeley,https://callink.berkeley.edu/organization/compasberkeley,compas.ucb,"Political & Advocacy Student Organizations, Undergraduate Organizations",
Computational Biology at Berkeley,https://callink.berkeley.edu/organization/computationalbiologyatberkeley,ucb_compbio,"ASUC Sponsored 2026-27-Student Activity Groups, Engineering/Computer Science Student Organizations , Undergraduate Organizations",
Computer Science Graduate Entrepreneurs,https://callink.berkeley.edu/organization/csge,,Graduate Student Organizations ,
Computer Science Graduate Student Association,https://callink.berkeley.edu/organization/csgsa,,Graduate Student Organizations ,
Computer Science Mentors,https://callink.berkeley.edu/organization/csm,csmentors,"ASUC Sponsored 2026-27-Student Activity Groups, Engineering/Computer Science Student Organizations , Undergraduate Organizations",
Computer Science Undergraduate Association 💙,https://callink.berkeley.edu/organization/csua,csua.berkeley,"ASUC Sponsored 2026-27-Student Activity Groups, Engineering/Computer Science Student Organizations , Undergraduate Organizations, Blue Heart Initiative Category",
Comunidad for Health Equity 💙,https://callink.berkeley.edu/organization/calche,ucberkeleyche,"ASUC Sponsored 2026-27-Student Initiated Service Groups, Undergraduate Organizations, Cultural & Identity/Cultural & Ethnic Student Organizations, ABSA-Allocated Hearst Storage , Blue Heart Initiative Category",
Concerts Under Berkeley (Formerly known as Tiny Dorm at Berkeley),https://callink.berkeley.edu/organization/cub,c.u.bclub,"ASUC Sponsored 2026-27-Student Activity Groups, Performing Arts Student Organizations, Undergraduate Organizations",
Concrete Canoe 💙,https://callink.berkeley.edu/organization/concretecanoe,ucb_concretecanoe,"Engineering/Computer Science Student Organizations , Undergraduate Organizations, Blue Heart Initiative Category",
Consciousness Collective at Berkeley,https://callink.berkeley.edu/organization/consciousnesscollective,consciousnesscollectiveucb,"Recreational Student Organizations, Undergraduate Organizations",
Consortium,https://callink.berkeley.edu/organization/consortium,,"Graduate Student Organizations , Haas MBA RSO",
Construction Competition Team 💙,https://callink.berkeley.edu/organization/constructioncompetitionteam,calconstructionteam,"Engineering/Computer Science Student Organizations , Undergraduate Organizations, Blue Heart Initiative Category",
Consult Your Community (CYC) at Berkeley,https://callink.berkeley.edu/organization/cyc,cycberkeley,"ASUC Sponsored 2026-27-Student Activity Groups, Professional Student Organizations, Undergraduate Organizations",
Consumer Advocacy and Protection Society,https://callink.berkeley.edu/organization/caps,,Graduate Student Organizations ,
Contact Lens Education and Research Club,https://callink.berkeley.edu/organization/contactlenseducationandresearchclub,ucberkeleyclear,"Service Student Organizations, Undergraduate Organizations",
Core Consulting Group,https://callink.berkeley.edu/organization/ccg,berkeleyccg,"ASUC Sponsored 2026-27-Student Activity Groups, Professional Student Organizations, Undergraduate Organizations, ABSA-Allocated Hearst Storage , Blue Heart Initiative Category",
Creative Applications to Life in Origami 💙,https://callink.berkeley.edu/organization/calorigami,calorigami,"ASUC Sponsored 2026-27-Student Activity Groups, Arts Student Organizations, Undergraduate Organizations, ABSA-Allocated Hearst Storage , Blue Heart Initiative Category",
Creative Residencies for Emerging Artists Teaching Empowerment,https://callink.berkeley.edu/organization/create,createatberkeley,"Service Student Organizations, Undergraduate Organizations",
Critical Consciousness Collective,https://callink.berkeley.edu/organization/critical-consciousness-collective,,Graduate Student Organizations ,
Critical Pacific Island Studies Collective (CPISC),https://callink.berkeley.edu/organization/cpisc,cal.cpisc,Academic Student Organizations,
Crossroads Christian Fellowship: Chinese for Christ Berkeley Church,https://callink.berkeley.edu/organization/crossroadschristianfellowship,crossroads_cfc,"Spiritual Student Organizations, Undergraduate Organizations",
Cru 💙,https://callink.berkeley.edu/organization/berkeleycru,berkeley.cru,"Spiritual Student Organizations, Undergraduate Organizations, Blue Heart Initiative Category",
CS KickStart,https://callink.berkeley.edu/organization/csk,cs.kickstart,"ASUC Sponsored 2026-27-Student Activity Groups, Engineering/Computer Science Student Organizations , Undergraduate Organizations",
Cub Consulting at Berkeley,https://callink.berkeley.edu/organization/cubconsulting,cubconsulting,"ASUC Sponsored 2026-27-Student Activity Groups, Cultural & Identity/International Student Organizations, Undergraduate Organizations",
Dana Street Consulting,https://callink.berkeley.edu/organization/danastreetconsulting,danastconsulting,"ASUC Sponsored 2026-27-Student Activity Groups, Professional Student Organizations, Undergraduate Organizations",
Dance Games at Berkeley 💙,https://callink.berkeley.edu/organization/dancegames,,"ASUC Sponsored 2026-27-Student Activity Groups, Recreational Student Organizations, Undergraduate Organizations, Blue Heart Initiative Category",
Dance Marathon 💙,https://callink.berkeley.edu/organization/dancemarathon,ucb_calthon,"Service Student Organizations, Undergraduate Organizations, Blue Heart Initiative Category",
Danceworx,https://callink.berkeley.edu/organization/danceworx,dwxberkeley,"ASUC Sponsored 2026-27-Student Activity Groups, Performing Arts Student Organizations, Undergraduate Organizations, ABSA-Allocated Hearst Storage ",
Data Science Society at Berkeley,https://callink.berkeley.edu/organization/dssberkeley,dssberkeley,"ASUC Sponsored 2026-27-Student Activity Groups, Academic Student Organizations, Undergraduate Organizations, ABSA-Allocated Hearst Storage ",
Data Science Undergraduate Association,https://callink.berkeley.edu/organization/datascienceundergraduateassociation,,Academic Student Organizations,
DataGood at Berkeley,https://callink.berkeley.edu/organization/datagood,datagoodberkeley,"ASUC Sponsored 2026-27-Student Activity Groups, Professional Student Organizations, Undergraduate Organizations, ABSA-Allocated Hearst Storage ",
DataStory,https://callink.berkeley.edu/organization/datastory,datastoryberkeley,"ASUC Sponsored 2026-27-Student Activity Groups, Professional Student Organizations, Undergraduate Organizations, ABSA-Allocated ESH Storage",
Datong Society of China Studies at Berkeley,https://callink.berkeley.edu/organization/datongsocietyofchinastudies,datong_society,"Academic Student Organizations, Undergraduate Organizations",
Debate Society of Berkeley,https://callink.berkeley.edu/organization/berkeleydebate,berkeleydebate,"ASUC Sponsored 2026-27-Student Activity Groups, Academic Student Organizations, Undergraduate Organizations",
DeCadence,https://callink.berkeley.edu/organization/decadence,decadence.berkeley,"ASUC Sponsored 2026-27-Student Activity Groups, Performing Arts Student Organizations, Undergraduate Organizations, ABSA-Allocated Hearst Storage ",
Deewani,https://callink.berkeley.edu/organization/deewani,ucbdeewani,"ASUC Sponsored 2026-27-Student Activity Groups, Performing Arts Student Organizations, Undergraduate Organizations",
Defenders at Berkeley (Formerly Criminal Defense Society) 💙,https://callink.berkeley.edu/organization/defendersatberkeley,defendersatberkeleylaw,"Graduate Student Organizations , Blue Heart Initiative Category",
Defense and Dual-Use Technology Club at Berkeley,https://callink.berkeley.edu/organization/defenseanddualusetechnologyclubatberkeley,,"Graduate Student Organizations , Professional Student Organizations",
Delta Consulting,https://callink.berkeley.edu/organization/deltaconsulting,deltaberkeley,"ASUC Sponsored 2026-27-Student Activity Groups, Professional Student Organizations, ABSA-Allocated Hearst Storage ",
Delta Delta Delta,https://callink.berkeley.edu/organization/deltadeltadelta,caltridelta,CalGreeks Panhellenic Council (PHC) Sororities,
Delta Kappa Alpha,https://callink.berkeley.edu/organization/deltakappaalpha,dkaberkeley,"Professional Student Organizations, Undergraduate Organizations",
Delta Phi Epsilon Co-ed Professional Foreign Service Fraternity,https://callink.berkeley.edu/organization/deltaphiepsilon,caldphie,"ASUC Sponsored 2026-27-Student Activity Groups, Professional Student Organizations, Undergraduate Organizations",
Delta Sigma,https://callink.berkeley.edu/organization/deltasigma,caldeltasigma,CalGreeks Panhellenic Council (PHC) Sororities,
"Delta Sigma Theta Sorority, Inc.",https://callink.berkeley.edu/organization/deltasigmatheta,dstkappa,"ASUC Sponsored 2026-27-Student Activity Groups, CalGreeks National Pan-Hellenic Council (NPHC) Fraternities & Sororities",
Delta Upsilon,https://callink.berkeley.edu/organization/deltaupsilon,caldeltau,CalGreeks Interfraternity Council (IFC) Fraternities,
Democracy Hawks,https://callink.berkeley.edu/organization/democracyhawks,,"ASUC Sponsored 2026-27-Student Activity Groups, Political & Advocacy Student Organizations, ABSA-Allocated Hearst Storage ",
Dental Brigades at Berkeley,https://callink.berkeley.edu/organization/dentalbrigadesatberkeley,dentalbrigadesatberkeley,"ASUC Sponsored 2026-27-Student Initiated Service Groups, Service Student Organizations",
Diaspora Magazine,https://callink.berkeley.edu/organization/diasporamagazine,diasporacal,"ASUC Sponsored 2026-27-Publication Groups, Media & Publication Student Organizations, Undergraduate Organizations, Black/African American Student Community",
Digital Illustration and Concept Art at Berkeley 💙,https://callink.berkeley.edu/organization/digitalillustrationandconceptartatberkeley,dica_berkeley,"Arts Student Organizations, Undergraduate Organizations, Blue Heart Initiative Category",
Dil Se,https://callink.berkeley.edu/organization/dilse,ucberkeleydilse,"ASUC Sponsored 2026-27-Student Activity Groups, Performing Arts Student Organizations, Undergraduate Organizations",
Disability Justice Coalition at Berkeley Law (Formerly known as Disabled Students Association at Berkeley 💙),https://callink.berkeley.edu/organization/djcabl,,"Graduate Student Organizations , Blue Heart Initiative Category",
Disability Rights and Health Advocacy Initiative (formerly known as Student Coalition for Disability Rights),https://callink.berkeley.edu/organization/disabilityrightsandhealthadvocacyinitiative,,"Undergraduate Organizations, Cultural & Identity/Cultural & Ethnic Student Organizations",
DiversaTech,https://callink.berkeley.edu/organization/diversatech,diversatech.berkeley,"Professional Student Organizations, Undergraduate Organizations",
Diversity and Inclusion in Real Estate,https://callink.berkeley.edu/organization/daire,daireberkeley,"ASUC Sponsored 2026-27-Student Activity Groups, Professional Student Organizations, Undergraduate Organizations",
Down Syndrome Community Outreach at Berkeley,https://callink.berkeley.edu/organization/dsco,berkeleydsco,"ASUC Sponsored 2026-27-Student Initiated Service Groups, Service Student Organizations, Undergraduate Organizations, ABSA-Allocated ESH Storage",
Drawn to Scale,https://callink.berkeley.edu/organization/drawntoscale,drawntoscaleberkeley,"ASUC Sponsored 2026-27-Student Activity Groups, Performing Arts Student Organizations, Undergraduate Organizations",
Dutch Student Association at Berkeley 💙,https://callink.berkeley.edu/organization/dutchstudentassociationatberkeley,,"ASUC Sponsored 2026-27-Student Activity Groups, Cultural & Identity/International Student Organizations, Undergraduate Organizations, Blue Heart Initiative Category",
Early Learning Science and Child Policy Association,https://callink.berkeley.edu/organization/earlylearningscienceandchildpolicyassociatio,,Graduate Student Organizations ,
Earthquake Engineering Research Institute at Berkeley 💙,https://callink.berkeley.edu/organization/eeri,,"Graduate Student Organizations , Blue Heart Initiative Category",
East Asian Caucus 💙,https://callink.berkeley.edu/organization/eastasiancaucus,eastasiancaucus_ucb,"ASUC Sponsored 2026-27-Student Activity Groups, Undergraduate Organizations, Cultural & Identity/Cultural & Ethnic Student Organizations, Blue Heart Initiative Category",
East Asian Union,https://callink.berkeley.edu/organization/eastasianunion,eau.berkeley,"ASUC Sponsored 2026-27-Student Activity Groups, Cultural & Identity/International Student Organizations, Undergraduate Organizations, ABSA-Allocated Hearst Storage ",
Economists for Equity at Berkeley,https://callink.berkeley.edu/organization/bee,,Graduate Student Organizations ,
Educate a Child for Change Organization at Berkeley 💙,https://callink.berkeley.edu/organization/ecco,eccoberkeley,"ASUC Sponsored 2026-27-Student Initiated Service Groups, Service Student Organizations, Undergraduate Organizations, Blue Heart Initiative Category",
Effective Altruists of Berkeley 💙,https://callink.berkeley.edu/organization/eab,ea.ucberkeley,"ASUC Sponsored 2026-27-Student Initiated Service Groups, Service Student Organizations, Undergraduate Organizations, Blue Heart Initiative Category",
Eggster Organization 💙,https://callink.berkeley.edu/organization/eggsterscommittee,eggsteratcal,"ASUC Sponsored 2026-27-Student Activity Groups, Service Student Organizations, Undergraduate Organizations, ABSA-Allocated Hearst Storage , Blue Heart Initiative Category",
Electrical Engineering Graduate Student Association,https://callink.berkeley.edu/organization/eecsgsa,,Graduate Student Organizations ,
Eleven: The Undergraduate Journal of Sociology 💙,https://callink.berkeley.edu/organization/eleventheundergraduatejournalofsociology,ucbeleven,"Media & Publication Student Organizations, Undergraduate Organizations, Blue Heart Initiative Category",
EnableTech,https://callink.berkeley.edu/organization/enabletech,enabletech.berkeley,"ASUC Sponsored 2026-27-Student Activity Groups, Professional Student Organizations, Undergraduate Organizations",
Enactus of Berkeley,https://callink.berkeley.edu/organization/enactus,enactusberkeley,"Professional Student Organizations, Undergraduate Organizations",
End Overdose at Berkeley,https://callink.berkeley.edu/organization/endoverdose,endoverdose.cal,"Service Student Organizations, Undergraduate Organizations",
Engineering and Project Management Society 💙,https://callink.berkeley.edu/organization/epms,,"Graduate Student Organizations , Blue Heart Initiative Category",
Engineering Solutions at Berkeley,https://callink.berkeley.edu/organization/esberkeley,esb.berkeley,"ASUC Sponsored 2026-27-Student Activity Groups, Professional Student Organizations, Undergraduate Organizations",
Engineering Student Council 💙,https://callink.berkeley.edu/organization/escberkeleyedu,berkeleyesc,"ASUC Sponsored 2026-27-Student Activity Groups, Engineering/Computer Science Student Organizations , Undergraduate Organizations, ABSA - Budgeted over $7500 Organizations, Blue Heart Initiative Category",
Engineers and Mentors of Berkeley,https://callink.berkeley.edu/organization/beam,beam_berkeley,"ASUC Sponsored 2026-27-Student Initiated Service Groups, Engineering/Computer Science Student Organizations , Undergraduate Organizations, ABSA-Allocated Hearst Storage ",
Engineers Without Borders at Berkeley 💙,https://callink.berkeley.edu/organization/ewbucb,ewb.ucb,"ASUC Sponsored 2026-27-Student Initiated Service Groups, Service Student Organizations, Undergraduate Organizations, Blue Heart Initiative Category",
English Undergraduate Association 💙,https://callink.berkeley.edu/organization/berkeleyeua,euaucb,"ASUC Sponsored 2026-27-Student Activity Groups, Academic Student Organizations, Undergraduate Organizations, Blue Heart Initiative Category",
Entrepreneur Through Acquisition Club 💙,https://callink.berkeley.edu/organization/entrepreneurthroughacquisitionclub,,"Graduate Student Organizations , Haas MBA RSO, Blue Heart Initiative Category",
Entrepreneurs@Berkeley,https://callink.berkeley.edu/organization/entrepreneursatberkeley,entrepreneursatberkeley,"Professional Student Organizations, Undergraduate Organizations",
Environmental Engineering Advocacy Team,https://callink.berkeley.edu/organization/eeat,,Graduate Student Organizations ,
Environmental Health Sciences Graduate Students,https://callink.berkeley.edu/organization/ehgs,,Graduate Student Organizations ,
Environmental Sciences Student Association 💙,https://callink.berkeley.edu/organization/essa,berkeley.essa,"Academic Student Organizations, Undergraduate Organizations, Blue Heart Initiative Category",
Environmental Team 💙,https://callink.berkeley.edu/organization/enviro,calenviro,"Environmental & Sustainability Student Organizations, Undergraduate Organizations, Blue Heart Initiative Category",
Epsilon Eta,https://callink.berkeley.edu/organization/epsilon_eta,epsilonetaberkeley,"ASUC Sponsored 2026-27-Student Activity Groups, Environmental & Sustainability Student Organizations, Undergraduate Organizations",
Epsilon Pi at Berkeley,https://callink.berkeley.edu/organization/epsilonpi,ep.berkeley,"Engineering/Computer Science Student Organizations , Undergraduate Organizations",
EquiSTEM at Berkeley,https://callink.berkeley.edu/organization/equistematberkeley,cal.equistem,Service Student Organizations,
Eritrean-Ethiopian Student Association,https://callink.berkeley.edu/organization/ucberkeleyeesa,ucberkeleyeesa,"Undergraduate Organizations, Cultural & Identity/Cultural & Ethnic Student Organizations",
ESPM Graduate Student Association,https://callink.berkeley.edu/organization/espmgsa,,Graduate Student Organizations ,
Eta Kappa Nu,https://callink.berkeley.edu/organization/hkn,hkn.mu,"Engineering/Computer Science Student Organizations , Undergraduate Organizations",
EthiCal Apparel,https://callink.berkeley.edu/organization/ethicalapparel,ethical_apparel,"ASUC Sponsored 2026-27-Student Initiated Service Groups, Environmental & Sustainability Student Organizations, Undergraduate Organizations, ABSA-Allocated Hearst Storage ",
Ethnic Studies 5th Account,https://callink.berkeley.edu/organization/ethnicstudies5th,,"Admin, Campus Departments, ASUC Government Programs",
Every Child Plays at Berkeley,https://callink.berkeley.edu/organization/everychildplays,everychildplaysucb,"Political & Advocacy Student Organizations, Undergraduate Organizations",
Expanding Your Horizons at Berkeley,https://callink.berkeley.edu/organization/eyh,eyhatberkeley,Graduate Student Organizations ,
Expansion Pictures,https://callink.berkeley.edu/organization/expansionpictures,expansion.pictures,"ASUC Sponsored 2026-27-Student Activity Groups, Media & Publication Student Organizations, Undergraduate Organizations",
Extended Reality @ Berkeley 💙,https://callink.berkeley.edu/organization/extendedrealityatberkeley,xratberkeley,"ASUC Sponsored 2026-27-Student Activity Groups, Engineering/Computer Science Student Organizations , Undergraduate Organizations, Blue Heart Initiative Category",
EyeChat!,https://callink.berkeley.edu/organization/eyechat,,Graduate Student Organizations ,
Faces of African Muslims,https://callink.berkeley.edu/organization/www-callinkfam-berkeley-edu,ucb.fam,"ASUC Sponsored 2026-27-Student Activity Groups, Spiritual Student Organizations, Undergraduate Organizations, ABSA-Allocated Hearst Storage , Black/African American Student Community",
Fashion and Student Trends,https://callink.berkeley.edu/organization/fashionandstudenttrends,fastcal,"ASUC Sponsored 2026-27-Student Activity Groups, Arts Student Organizations, Undergraduate Organizations, ABSA-Allocated Hearst Storage ",
Federalist Society at Berkeley Law,https://callink.berkeley.edu/organization/berkeleyfederalistsociety,berkeleyfedsoc,Graduate Student Organizations ,
Fei Tian Dancers 💙,https://callink.berkeley.edu/organization/feitiandancers,fei_tian_dancers,"ASUC Sponsored 2026-27-Student Activity Groups, Performing Arts Student Organizations, Undergraduate Organizations, ABSA-Allocated Hearst Storage , Blue Heart Initiative Category",
Fellowship in Christ Berkeley 💙,https://callink.berkeley.edu/organization/ficb,,"ASUC Sponsored 2026-27-Publication Groups, Spiritual Student Organizations, Undergraduate Organizations, Blue Heart Initiative Category",
Fellowship of Christian Optometrists Chapter at Berkeley 💙,https://callink.berkeley.edu/organization/fellowshipofchristianoptometrists,,"Graduate Student Organizations , Blue Heart Initiative Category",
Fiat Lux Scholars Association,https://callink.berkeley.edu/organization/fiatluxberkeley,calflsa,"ASUC Sponsored 2026-27-Student Activity Groups, Academic Student Organizations, Undergraduate Organizations",
Fighting Cancer at Berkeley 💙,https://callink.berkeley.edu/organization/fightingcanceratberkeley,bearsfightingcancer,"ASUC Sponsored 2026-27-Student Initiated Service Groups, Service Student Organizations, Undergraduate Organizations, ABSA-Allocated ESH Storage, Blue Heart Initiative Category",
Fighting Games at Berkeley,https://callink.berkeley.edu/organization/berkeleyfgc,,"ASUC Sponsored 2026-27-Student Activity Groups, Recreational Student Organizations, Undergraduate Organizations",
Finance Club at Berkeley (BFC) [Formerly Sales and Trading Club at Berkeley],https://callink.berkeley.edu/organization/berkeleyfinanceclub,berkeleyfinanceclub,"ASUC Sponsored 2026-27-Student Activity Groups, Professional Student Organizations, Undergraduate Organizations",
Financial Engineering Students Association,https://callink.berkeley.edu/organization/financialengineeringstudentsassociation,,Graduate Student Organizations ,
Firework Band,https://callink.berkeley.edu/organization/yhyd,,"ASUC Sponsored 2026-27-Student Activity Groups, Arts Student Organizations, Performing Arts Student Organizations, Undergraduate Organizations, Cultural & Identity/Cultural & Ethnic Student Organizations",
First Generation Professionals,https://callink.berkeley.edu/organization/fgp,berkeleyfgp,"Graduate Student Organizations , Blue Heart Initiative Category",
First-Gen and/or Low-Income Graduate Students,https://callink.berkeley.edu/organization/fgli_grads,fgligrads,Graduate Student Organizations ,
Food at Haas,https://callink.berkeley.edu/organization/foodathaas,,"Graduate Student Organizations , Haas MBA RSO, Blue Heart Initiative Category",
Food Friendly Finance,https://callink.berkeley.edu/organization/foodfriendlyfinance,,"Professional Student Organizations, Undergraduate Organizations",
Food Institute Graduate Council at Berkeley 💙,https://callink.berkeley.edu/organization/figc,figc.at.berkeley,"Graduate Student Organizations , Blue Heart Initiative Category",
"Food, Equity, Entrepreneurship, &amp; Development",https://callink.berkeley.edu/organization/feed,feedberkeley,"ASUC Sponsored 2026-27-Student Activity Groups, Professional Student Organizations, Undergraduate Organizations",
Foresight Pre-Optometry Club 💙,https://callink.berkeley.edu/organization/ucbforesight,ucbforesight,"ASUC Sponsored 2026-27-Student Activity Groups, Professional Student Organizations, Undergraduate Organizations, ABSA-Allocated Hearst Storage , ABSA-Allocated BNorth Space, Blue Heart Initiative Category",
Formula Electric at Berkeley (Formerly bLoop),https://callink.berkeley.edu/organization/formulaelectric,berkeleyformulaelectric,"ASUC Sponsored 2026-27-Student Activity Groups, Engineering/Computer Science Student Organizations , Undergraduate Organizations",
Formula SAE (Society of Automotive Engineers),https://callink.berkeley.edu/organization/formulasae,calformularacing,"Engineering/Computer Science Student Organizations , Undergraduate Organizations",
Fraternity & Sorority Life - providing advising to the CalGreeks Community,https://callink.berkeley.edu/organization/fandslife,berkeleyfsl,,
"Free Peach, The",https://callink.berkeley.edu/organization/thefreepeach,thefreepeach,"Media & Publication Student Organizations, Undergraduate Organizations",
Free Ventures,https://callink.berkeley.edu/organization/freeventures,free_ventures,"Professional Student Organizations, Undergraduate Organizations",
Free Wardrobe Foundation,https://callink.berkeley.edu/organization/freewardrobefoundation,freewardrobefoundation,,
Freestyles at Berkeley 💙,https://callink.berkeley.edu/organization/fable,freestyles_at_berkeley,"Performing Arts Student Organizations, Undergraduate Organizations, Blue Heart Initiative Category",
Friends of MSF at Berkeley 💙,https://callink.berkeley.edu/organization/fomsfberkeley,berkeley_msf,"Service Student Organizations, Undergraduate Organizations, Blue Heart Initiative Category",
Friends of the Co-ops 💙,https://callink.berkeley.edu/organization/foco,bsc.coop,"Service Student Organizations, Undergraduate Organizations, Blue Heart Initiative Category",
Frontera at Berkeley,https://callink.berkeley.edu/organization/frontera,fronteraberkeley,"ASUC Sponsored 2026-27-Student Activity Groups, Political & Advocacy Student Organizations, Undergraduate Organizations",
Future Advancers of Science and Technology,https://callink.berkeley.edu/organization/futureadvancerssciencetech,,Graduate Student Organizations ,
"Future Business Leaders of America-Phi Beta Lambda, Inc.",https://callink.berkeley.edu/organization/berkeleypbl,berkeleypbl,"ASUC Sponsored 2026-27-Student Activity Groups, Professional Student Organizations, Undergraduate Organizations",
GA Basic Needs Security Project,https://callink.berkeley.edu/organization/ga-bnsp,,GA Government Projects,
GA Berkeley Business Law Journal,https://callink.berkeley.edu/organization/gaberkeleybusinesslawjournal,bbljberkeley,Graduate Student Organizations ,
GA Business Office,https://callink.berkeley.edu/organization/gaoperating,,GA Government Offices,
GA Campus Affairs Vice President,https://callink.berkeley.edu/organization/gacampusaffairsvicepresident,,GA Government Offices,
GA Commercial Revenues,https://callink.berkeley.edu/organization/gacommercialrevenues,,GA Government Offices,
GA Contingency,https://callink.berkeley.edu/organization/gacontingency,,GA Government Offices,
GA Delegate Assembly,https://callink.berkeley.edu/organization/gadelegateassembly,,GA Government Offices,
GA Disabled Students Advocacy Project,https://callink.berkeley.edu/organization/gadisabledstudentsadvocacyproject,,GA Government Projects,
GA Empowering Womxn of Color Conference (EWOCC),https://callink.berkeley.edu/organization/gaempoweringwomenofcolorconference,,GA Government Projects,
GA External Affairs Vice President,https://callink.berkeley.edu/organization/gaexternalaffairsvicepresident,,GA Government Offices,
GA Faculty and Graduate Student Mentoring Awards,https://callink.berkeley.edu/organization/facultymentoringaward,,GA Government Offices,
GA Funding,https://callink.berkeley.edu/organization/gafunding,,GA Government Offices,
GA Funding Officer,https://callink.berkeley.edu/organization/gafundingcommitteechair,,GA Government Offices,
"GA Graduate Meetings, Events, and Resources",https://callink.berkeley.edu/organization/gagraduatemeetingseventsandresources,,GA Government Offices,
GA Internal Vice President,https://callink.berkeley.edu/organization/gaassemblyinternalvicepresident,,GA Government Offices,
GA President,https://callink.berkeley.edu/organization/gapresident,,GA Government Offices,
GA Rules Officer,https://callink.berkeley.edu/organization/garulesofficer,,GA Government Offices,
GA Travel Funds (branch of GA Funding),https://callink.berkeley.edu/organization/gatravel,,GA Government Offices,
GA Vice President of Finance,https://callink.berkeley.edu/organization/gavicepresidentoffinance,,GA Government Offices,
GA VP of Equity and Inclusion,https://callink.berkeley.edu/organization/gavpei,,GA Government Offices,
GABRIELA at Berkeley,https://callink.berkeley.edu/organization/gabrielaberkeley,gabrielaberkeley,Cultural & Identity/Women Interest Student Organizations,
GAG!,https://callink.berkeley.edu/organization/gagmagazine,gagmagazinee,"Media & Publication Student Organizations, Undergraduate Organizations",
Game Design and Development at Berkeley 💙,https://callink.berkeley.edu/organization/gamedesign,gddatberkeley,"ASUC Sponsored 2026-27-Student Activity Groups, Recreational Student Organizations, Undergraduate Organizations, ABSA-Allocated Hearst Storage , Blue Heart Initiative Category",
Gamma Phi Beta (Gamma Phi),https://callink.berkeley.edu/organization/gammaphibeta,calgammaphi,CalGreeks Panhellenic Council (PHC) Sororities,
"Gamma Zeta Alpha Fraternity, Inc.",https://callink.berkeley.edu/organization/gammas,calgammas,CalGreeks Multicultural Greek Council (MCGC) Fraternities & Sororities,
Garb,https://callink.berkeley.edu/organization/garb-berkeley,garbberkeley,"Media & Publication Student Organizations, Undergraduate Organizations",
Gender Equity in Mathematics at Berkeley 💙,https://callink.berkeley.edu/organization/gem,ucbgem,"ASUC Sponsored 2026-27-Student Activity Groups, Undergraduate Organizations, Cultural & Identity/Women Interest Student Organizations, Blue Heart Initiative Category",
Genshin at Berkeley 💙,https://callink.berkeley.edu/organization/genshinatberkeley,genshinatberkeley,"Recreational Student Organizations, Undergraduate Organizations, Blue Heart Initiative Category",
GENup at Berkeley (formerly known as GENup Collegiate at Berkeley),https://callink.berkeley.edu/organization/genupatberkeley,genupco.berkeley,"ASUC Sponsored 2026-27-Student Activity Groups, Political & Advocacy Student Organizations, Undergraduate Organizations",
Geogames at Berkeley,https://callink.berkeley.edu/organization/geogamesatberkeley,geogamesberkeley,"ASUC Sponsored 2026-27-Student Activity Groups, Recreational Student Organizations, Undergraduate Organizations",
Geostrategy Consulting at Berkeley (formerly known as Lux International Consulting Group),https://callink.berkeley.edu/organization/geostrategyconsultingatberkeley,,Professional Student Organizations,
GeoWall at Berkeley 💙,https://callink.berkeley.edu/organization/geowall,geowallberkeley,"Engineering/Computer Science Student Organizations , Undergraduate Organizations, Blue Heart Initiative Category",
Gerontological Society of America Student Chapter at Berkeley,https://callink.berkeley.edu/organization/gerontologicalsocietyofamerica,,Graduate Student Organizations ,
Ghibli Graduate Guild 💙,https://callink.berkeley.edu/organization/ghibligraduateguild,ghibli.graduate.guild,"Graduate Student Organizations , Blue Heart Initiative Category",
Giddha at Berkeley- Soohi Phulkariyan,https://callink.berkeley.edu/organization/giddha-at-berkeley-soohiphulkariyan,berkeleygiddha,"Performing Arts Student Organizations, Undergraduate Organizations, Blue Heart Initiative Category",
Girl Up,https://callink.berkeley.edu/organization/girlup,girlup.at.berkeley,"Undergraduate Organizations, Cultural & Identity/Women Interest Student Organizations, Blue Heart Initiative Category",
Girls Into VC at Berkeley,https://callink.berkeley.edu/organization/girlsintovcatberkeley,girlsintovc.berkeley,Professional Student Organizations,
Glamity at Berkeley,https://callink.berkeley.edu/organization/glamityatberkeley,glamityatcal,"Performing Arts Student Organizations, Undergraduate Organizations",
GlamourGals at Berkeley 💙,https://callink.berkeley.edu/organization/glamourgalsatberkeley,glamourgalsatberkeley,"Service Student Organizations, Undergraduate Organizations, Blue Heart Initiative Category",
Global Leadership Organization at Berkeley,https://callink.berkeley.edu/organization/globerkeley,globerkeley,"Service Student Organizations, Undergraduate Organizations",
Global Medical Brigades at Berkeley,https://callink.berkeley.edu/organization/gmbatberk,ucb.ghb,"Service Student Organizations, Undergraduate Organizations",
Global Medical Missions Alliance at Berkeley,https://callink.berkeley.edu/organization/gmma,berkeleygmma,"ASUC Sponsored 2026-27-Student Initiated Service Groups, Service Student Organizations, Undergraduate Organizations",
Global Medical Training 💙,https://callink.berkeley.edu/organization/gmtcal,gmtcal,"ASUC Sponsored 2026-27-Student Initiated Service Groups, Service Student Organizations, Undergraduate Organizations, ABSA-Allocated Hearst Storage , Blue Heart Initiative Category",
Global Poverty and Practice Student Association at Berkeley 💙,https://callink.berkeley.edu/organization/globalpovertyandpractice,,Blue Heart Initiative Category,
Global Research and Consulting Group at Berkeley,https://callink.berkeley.edu/organization/globalresearchandconsulting,grcberkeley,"ASUC Sponsored 2026-27-Student Activity Groups, Professional Student Organizations, ABSA-Allocated Hearst Storage ",
Global Studies Student Association,https://callink.berkeley.edu/organization/gsstudentassociation,gssaberkeley,ASUC Sponsored 2026-27-Student Activity Groups,
Global Surgery Student Alliance at Berkeley,https://callink.berkeley.edu/organization/gssaatberkeley,berkeleygssa,ASUC Sponsored 2026-27-Student Initiated Service Groups,
Go Club at Berkeley,https://callink.berkeley.edu/organization/goclub,goclubatberkeley,"Recreational Student Organizations, Undergraduate Organizations, Blue Heart Initiative Category",
Gold Key International Optometric Honor Society at Berkeley,https://callink.berkeley.edu/organization/goldkeyintoptometrichonorsociety,goldkey_berkeley,Graduate Student Organizations ,
Golden Records 💙,https://callink.berkeley.edu/organization/gr,,"Professional Student Organizations, Undergraduate Organizations, Blue Heart Initiative Category",
Good Grief at Berkeley,https://callink.berkeley.edu/organization/goodgriefatberkeley,,,
Graduate Archaeology Group at Berkeley,https://callink.berkeley.edu/organization/graduatearchaeologygroup,,Graduate Student Organizations ,
Graduate Architecture Student Union,https://callink.berkeley.edu/organization/cedgasu,,Graduate Student Organizations ,
Graduate Assembly Governance Workgroup (GA GWG),https://callink.berkeley.edu/organization/gagwg,,GA Government Offices,
Graduate Assembly of Students in Psychology,https://callink.berkeley.edu/organization/gasp,,Graduate Student Organizations ,
Graduate Association of Latinx Students (GALS)(FORMERLY known as Graduate Students de la Raza) 💙,https://callink.berkeley.edu/organization/gradassociationoflatinxstudents,berkeley_gals,"Graduate Student Organizations , Blue Heart Initiative Category",
Graduate Economics Association,https://callink.berkeley.edu/organization/gea,,Graduate Student Organizations ,
Graduate Minority Student Project,https://callink.berkeley.edu/organization/graduateminoritystudentproject,,GA Government Projects,
Graduate School of Education Research Day Organizational Committee,https://callink.berkeley.edu/organization/rdoc,,Graduate Student Organizations ,
Graduate Social Club,https://callink.berkeley.edu/organization/graduatesocialclub,,GA Government Offices,
Graduate Student Parent Advocacy,https://callink.berkeley.edu/organization/graduatestudentparentadvocacy,,GA Government Projects,
Graduate Students for Palestine,https://callink.berkeley.edu/organization/gsjp,,Graduate Student Organizations ,
Graduate Students in Agricultural Economics,https://callink.berkeley.edu/organization/agriculturaleconomics,,Graduate Student Organizations ,
Graduate Women of Engineering 💙,https://callink.berkeley.edu/organization/gwe,,"Graduate Student Organizations , Blue Heart Initiative Category",
Graduate Women's Project,https://callink.berkeley.edu/organization/graduatewomensproject,ucberkeleygwp,GA Government Projects,
Grappling Club at Berkeley (formerly Korea Grappling Club) 💙,https://callink.berkeley.edu/organization/grapplingclubatberkeley,berkeleyjiujitsu,"Recreational Student Organizations, Undergraduate Organizations, Blue Heart Initiative Category",
Greeks Against Sexual Assault at Berkeley (GASA),https://callink.berkeley.edu/organization/greeksagainstsexualassault,,CalGreeks Fraternity & Sorority Affinity Groups,
Green Party at Berkeley,https://callink.berkeley.edu/organization/greenpartyatberkeley,greenpartyatberkeley,"Political & Advocacy Student Organizations, Undergraduate Organizations",
Greening the Greeks,https://callink.berkeley.edu/organization/greeningthegreeks,,"Environmental & Sustainability Student Organizations, CalGreeks Fraternity & Sorority Affinity Groups",
Guitar Club of Berkeley,https://callink.berkeley.edu/organization/gcb,,"Performing Arts Student Organizations, Undergraduate Organizations",
Gymnastics Club of California 💙,https://callink.berkeley.edu/organization/gymnasticsclubofcalifornia,calclubgym,"Recreational Student Organizations, Undergraduate Organizations, Blue Heart Initiative Category",
Haas Africa Business Club,https://callink.berkeley.edu/organization/haasafricabusinessclub,berkeleyhaas_africa,"Graduate Student Organizations , Haas MBA RSO, Blue Heart Initiative Category",
Haas Artificial Intelligence Club,https://callink.berkeley.edu/organization/haasaiclub,,"Graduate Student Organizations , Haas MBA RSO, Blue Heart Initiative Category",
Haas Asian Business Club,https://callink.berkeley.edu/organization/haasasianbusinessclub,haas_abc,"Graduate Student Organizations , Haas MBA RSO",
Haas Beer Club,https://callink.berkeley.edu/organization/haasbeerclub,,"Graduate Student Organizations , Haas MBA RSO",
Haas Blockchain Club 💙,https://callink.berkeley.edu/organization/haasblockchainclub,,"Graduate Student Organizations , Haas MBA RSO, Blue Heart Initiative Category",
Haas Business School Association,https://callink.berkeley.edu/organization/berkeleyhbsa,berkeleyhbsa,"ASUC Sponsored 2026-27-Student Activity Groups, Academic Student Organizations, Undergraduate Organizations",
Haas Digital Media & Entertainment Club,https://callink.berkeley.edu/organization/haasdigitalmediaentertainmentclub,,"Graduate Student Organizations , Haas MBA RSO",
Haas Education Club,https://callink.berkeley.edu/organization/haaseducationclub,,"Graduate Student Organizations , Haas MBA RSO, Blue Heart Initiative Category",
Haas Evening and Weekend MBA Association,https://callink.berkeley.edu/organization/ewmbaa,,"Graduate Student Organizations , Haas MBA RSO",
Haas Finance Club 💙,https://callink.berkeley.edu/organization/haasfinanceclub,,"Graduate Student Organizations , Haas MBA RSO, Blue Heart Initiative Category",
Haas Fintech Club,https://callink.berkeley.edu/organization/haasfintechclub,,"Graduate Student Organizations , Haas MBA RSO",
Haas Golf Club,https://callink.berkeley.edu/organization/haasgolfclub,,"Graduate Student Organizations , Haas MBA RSO",
Haas Healthcare Association 💙,https://callink.berkeley.edu/organization/haashealthcareassociation,,"Graduate Student Organizations , Haas MBA RSO, Blue Heart Initiative Category",
Haas Investment Club,https://callink.berkeley.edu/organization/haasinvestmentclub,,"Graduate Student Organizations , Haas MBA RSO",
Haas Marketing Club 💙,https://callink.berkeley.edu/organization/haasmarketingclub,,"Graduate Student Organizations , Haas MBA RSO, Blue Heart Initiative Category",
Haas Music Collective (formerly known as Haas Music Club 💙),https://callink.berkeley.edu/organization/hmc,,"Graduate Student Organizations , Haas MBA RSO, Blue Heart Initiative Category",
Haas Partners Club 💙,https://callink.berkeley.edu/organization/haaspartnersclub,haaspartnersclub,"Graduate Student Organizations , Haas MBA RSO, Blue Heart Initiative Category",
Haas Real Estate Club,https://callink.berkeley.edu/organization/haasrealestateclub,,"Graduate Student Organizations , Haas MBA RSO",
Haas Soccer Club 💙,https://callink.berkeley.edu/organization/haassoccerclub,,"Graduate Student Organizations , Haas MBA RSO, Blue Heart Initiative Category",
Haas Sports Business Club,https://callink.berkeley.edu/organization/haassportsbusinessclub,,"Graduate Student Organizations , Haas MBA RSO",
Haas Tech Club 💙,https://callink.berkeley.edu/organization/haastechclub,haas_tech_club,"Graduate Student Organizations , Haas MBA RSO, Blue Heart Initiative Category",
Haas Transportation & Mobility Club,https://callink.berkeley.edu/organization/haastransportationmobilityclub,,"Graduate Student Organizations , Haas MBA RSO",
Haas Undergraduate Black Business Association 💙,https://callink.berkeley.edu/organization/hubba,ucbhubba,"ASUC Sponsored 2026-27-Student Activity Groups, Professional Student Organizations, Undergraduate Organizations, Blue Heart Initiative Category, Black/African American Student Community, HSO - Haas Sponsored Undergrad",
Haas Venture Capital Club,https://callink.berkeley.edu/organization/haasventurecapitalclub,,"Graduate Student Organizations , Haas MBA RSO",
Haas Veterans Club,https://callink.berkeley.edu/organization/haasveteransclub,haasveteransclub,"Graduate Student Organizations , Haas MBA RSO",
Haas Wine Club 💙,https://callink.berkeley.edu/organization/haaswineclub,,"Graduate Student Organizations , Haas MBA RSO, Blue Heart Initiative Category",
Harvest Campus Ministry (formerly known as THRIVE Campus Ministry) 💙,https://callink.berkeley.edu/organization/thrivecampusministry,harvest.berkeley,"ASUC Sponsored 2026-27-Student Initiated Service Groups, Service Student Organizations, Undergraduate Organizations, Blue Heart Initiative Category",
Health and Life Sciences Law Society (HaLS),https://callink.berkeley.edu/organization/healthlifescienceslawsociety,,"Academic Student Organizations, Undergraduate Organizations",
Health and Medical Apprenticeship Program,https://callink.berkeley.edu/organization/hmap,,"ASUC Sponsored 2026-27-Student Initiated Service Groups, Academic Student Organizations, Undergraduate Organizations, ABSA - Budgeted over $7500 Organizations",
Healthcare Business Association at Berkeley,https://callink.berkeley.edu/organization/healthcarebusinessassociationberkeley,hbaberkeley,"ASUC Sponsored 2026-27-Student Activity Groups, Professional Student Organizations, Undergraduate Organizations",
Healthcare Consulting Group at Berkeley,https://callink.berkeley.edu/organization/hcgatberkeley,berkeleyhcg,"ASUC Sponsored 2026-27-Student Activity Groups, Professional Student Organizations, Undergraduate Organizations, ABSA-Allocated Hearst Storage ",
Heartstrings,https://callink.berkeley.edu/organization/heartstrings,heartstringsatcal,"ASUC Sponsored 2026-27-Student Initiated Service Groups, Service Student Organizations",
Helix @ Berkeley,https://callink.berkeley.edu/organization/helix,helix_medical,"ASUC Sponsored 2026-27-Student Initiated Service Groups, Service Student Organizations, Undergraduate Organizations",
Hellenic Student Association at Berkeley,https://callink.berkeley.edu/organization/gahellenicstudentassociationatberkeley,,Graduate Student Organizations ,
Her Campus of Berkeley,https://callink.berkeley.edu/organization/hercampusofberkeley,hcberkeley,"Media & Publication Student Organizations, Undergraduate Organizations",
Hermanas Unidas de UC Berkeley 💙,https://callink.berkeley.edu/organization/hermanasunidas,haudeucb,"Undergraduate Organizations, Cultural & Identity/Cultural & Ethnic Student Organizations, Blue Heart Initiative Category",
Hero Shooters at Berkeley (Formely Overwatch at Berkeley) 💙,https://callink.berkeley.edu/organization/heroshootersatberkeley,hsatberkeley,"Recreational Student Organizations, Undergraduate Organizations, Blue Heart Initiative Category",
"Heuristic Squelch, The 💙",https://callink.berkeley.edu/organization/heuristicsquelch,theheuristicsquelch,"ASUC Sponsored 2026-27-Publication Groups, Media & Publication Student Organizations, Undergraduate Organizations, ABSA-Allocated Hearst Storage , ABSA - Budgeted over $7500 Organizations, Blue Heart Initiative Category",
Hidden Road Initiative 💙,https://callink.berkeley.edu/organization/hiddenroadinitiative,berkeley_hri,"Service Student Organizations, Undergraduate Organizations, Blue Heart Initiative Category",
Hillel Student Board at Berkeley,https://callink.berkeley.edu/organization/berkeleyhillel,berkeleyhillel,"Spiritual Student Organizations, Undergraduate Organizations",
"Hindu YUVA-Youth for Unity, Virtues and Action 💙",https://callink.berkeley.edu/organization/hindu-yuva,berkeleyhinduyuva,"ASUC Sponsored 2026-27-Student Activity Groups, Cultural & Identity/International Student Organizations, Undergraduate Organizations, ABSA-Allocated Hearst Storage , Blue Heart Initiative Category",
Hippocratic at Berkeley,https://callink.berkeley.edu/organization/hippocraticatberkeley,,Media & Publication Student Organizations,
Hispanic Engineers and Scientists 💙,https://callink.berkeley.edu/organization/hispanicengineersscientists,hes_ucberkeley,"Academic Student Organizations, Undergraduate Organizations, Blue Heart Initiative Category",
Historical Fencing Club of Berkeley 💙,https://callink.berkeley.edu/organization/steelonsteelhfc,steelonsteelhfc,"ASUC Sponsored 2026-27-Student Activity Groups, Recreational Student Organizations, Undergraduate Organizations, ABSA-Allocated Hearst Storage , Blue Heart Initiative Category",
History Graduate Association 💙,https://callink.berkeley.edu/organization/historygraduateassociation,,"Graduate Student Organizations , Blue Heart Initiative Category",
History of Art Undergraduate Association 💙,https://callink.berkeley.edu/organization/historyofartundergraduateassociation,h.artucb,"ASUC Sponsored 2026-27-Student Activity Groups, Academic Student Organizations, Undergraduate Organizations, Blue Heart Initiative Category",
Hmong Student Association at Berkeley 💙,https://callink.berkeley.edu/organization/hsab,hsaberkeley,"ASUC Sponsored 2026-27-Student Initiated Service Groups, Cultural & Identity/International Student Organizations, Undergraduate Organizations, Blue Heart Initiative Category",
Home of Students Christian Fellowship 💙,https://callink.berkeley.edu/organization/hos,hos_christian_fellowship,"Graduate Student Organizations , Blue Heart Initiative Category",
Hong Kong Student Association 💙,https://callink.berkeley.edu/organization/hongkongstudentassociation,berkeleyhksa,"ASUC Sponsored 2026-27-Student Activity Groups, Cultural & Identity/International Student Organizations, Undergraduate Organizations, ABSA-Allocated Hearst Storage , Blue Heart Initiative Category",
HOSA Future Health Professionals of Berkeley 💙,https://callink.berkeley.edu/organization/hosafhpatberkeley,,"ASUC Sponsored 2026-27-Student Activity Groups, Professional Student Organizations, Undergraduate Organizations, Blue Heart Initiative Category",
Housers at Berkeley,https://callink.berkeley.edu/organization/housersatberkeley,,Graduate Student Organizations ,
Hurling Club at Berkeley 💙,https://callink.berkeley.edu/organization/hurlingclub,calhurling,"ASUC Sponsored 2026-27-Student Activity Groups, Recreational Student Organizations, Undergraduate Organizations, ABSA-Allocated Hearst Storage , Blue Heart Initiative Category",
IDEA Factory,https://callink.berkeley.edu/organization/ideafactory,ideafactoryadv,"Professional Student Organizations, Undergraduate Organizations",
Ideas on Consciousness 💙,https://callink.berkeley.edu/organization/ideasonconsciousness,ideasonconsciousness,"ASUC Sponsored 2026-27-Student Activity Groups, Academic Student Organizations, Blue Heart Initiative Category",
IEEE Power and Energy at Berkeley,https://callink.berkeley.edu/organization/ieeepowerenergy,,Graduate Student Organizations ,
IEEE Student Branch 💙,https://callink.berkeley.edu/organization/ieee,ieeeucb,"Engineering/Computer Science Student Organizations , Undergraduate Organizations, Blue Heart Initiative Category",
iGEM at Berkeley 💙,https://callink.berkeley.edu/organization/igematberkeley,igematberkeley,"ASUC Sponsored 2026-27-Student Activity Groups, Engineering/Computer Science Student Organizations , Undergraduate Organizations, Blue Heart Initiative Category",
Improv4Charity,https://callink.berkeley.edu/organization/improv4charity,improvforcharity,"ASUC Sponsored 2026-27-Student Initiated Service Groups, Service Student Organizations, Undergraduate Organizations",
Indian Students Association,https://callink.berkeley.edu/organization/isa,isaberkeley,"ASUC Sponsored 2026-27-Student Activity Groups, Cultural & Identity/International Student Organizations, Undergraduate Organizations, ABSA - Budgeted over $7500 Organizations",
Indigenous and Native Coalition (INC) Recruitment and Retention Center,https://callink.berkeley.edu/organization/incrrc,inc_rrc,"RRC - Recruitment & Retention Center, Undergraduate Organizations",
Indus,https://callink.berkeley.edu/organization/ucbindus,ucbindusofficial,"ASUC Sponsored 2026-27-Student Activity Groups, Undergraduate Organizations, Cultural & Identity/Cultural & Ethnic Student Organizations",
Infectious Diseases and Immunity PhD Student Group,https://callink.berkeley.edu/organization/idiphdstudentgroup,,Graduate Student Organizations ,
Information Management Student Association,https://callink.berkeley.edu/organization/gainformationmanagementstudentassociation,,Graduate Student Organizations ,
Inside the Living Room,https://callink.berkeley.edu/organization/insidethelivingroom,ilr.ucb,"Service Student Organizations, Undergraduate Organizations",
Institute of Industrial and Systems Engineers,https://callink.berkeley.edu/organization/iise,iiseberkeley,"ASUC Sponsored 2026-27-Student Activity Groups, Engineering/Computer Science Student Organizations , Undergraduate Organizations",
Institute of Transportation Engineers at UC Berkeley 💙,https://callink.berkeley.edu/organization/cal_ite,cal.transpo,"ASUC Sponsored 2026-27-Student Activity Groups, Engineering/Computer Science Student Organizations , Undergraduate Organizations, Blue Heart Initiative Category",
Integrative Biology Graduate Student Association 💙,https://callink.berkeley.edu/organization/ibgsa,,"Graduate Student Organizations , Blue Heart Initiative Category",
Intellectual Property Law Society 💙,https://callink.berkeley.edu/organization/ipls,ipls.berkeley,"Graduate Student Organizations , Blue Heart Initiative Category",
Interdisciplinary Studies Field Association,https://callink.berkeley.edu/organization/interdisciplinarystudiesfa,isfcberkeley,"Academic Student Organizations, Undergraduate Organizations",
Interfraternity Council (IFC),https://callink.berkeley.edu/organization/inter-fraternitycouncil,,CalGreeks Fraternity & Sorority Affinity Groups,
"Intermission Orchestra, The",https://callink.berkeley.edu/organization/theintermissionorchestra,tioatberkeley,"ASUC Sponsored 2026-27-Student Activity Groups, Performing Arts Student Organizations, Undergraduate Organizations, ABSA-Allocated Hearst Storage ",
International & Undocumented Student Project (GA Project),https://callink.berkeley.edu/organization/iusp,,GA Government Projects,
International Arbitration Association at Berkeley Law,https://callink.berkeley.edu/organization/iaabl,,Graduate Student Organizations ,
International Building Performance Simulation Association/ASHRAE Berkeley,https://callink.berkeley.edu/organization/ibpsa-ashrae,ia_berkeley,"Graduate Student Organizations , Blue Heart Initiative Category",
International Graduate Student Ministry 💙,https://callink.berkeley.edu/organization/igsm,igsmberk,"Graduate Student Organizations , Blue Heart Initiative Category",
International Law Society 💙,https://callink.berkeley.edu/organization/edu,,"Graduate Student Organizations , Blue Heart Initiative Category",
International Service Club 💙,https://callink.berkeley.edu/organization/internationalserviceclub,,"Service Student Organizations, Undergraduate Organizations, Blue Heart Initiative Category",
International Software Product Management Association at Berkeley,https://callink.berkeley.edu/organization/ispma,spc.berkeley,"Professional Student Organizations, Undergraduate Organizations",
International Student Mentorship Program at Berkeley 💙,https://callink.berkeley.edu/organization/ismpberkeley,ismp_berkeley,"Academic Student Organizations, Undergraduate Organizations, Blue Heart Initiative Category",
International Students Association at Berkeley,https://callink.berkeley.edu/organization/isab,isab_cal,"Cultural & Identity/International Student Organizations, Undergraduate Organizations, Blue Heart Initiative Category",
International Youth and Students for Social Equality,https://callink.berkeley.edu/organization/iysse,,"Political & Advocacy Student Organizations, Undergraduate Organizations",
InterVarsity Christian Fellowship 💙,https://callink.berkeley.edu/organization/intervarsitychristianfellowship,calchristianfellowship,"ASUC Sponsored 2026-27-Student Activity Groups, Spiritual Student Organizations, Undergraduate Organizations, ABSA-Allocated Hearst Storage , Blue Heart Initiative Category",
INvent,https://callink.berkeley.edu/organization/invent,,"Service Student Organizations, Undergraduate Organizations",
Invention Corps of Berkeley,https://callink.berkeley.edu/organization/inventioncorps,inventioncorps,"ASUC Sponsored 2026-27-Student Activity Groups, Professional Student Organizations, Undergraduate Organizations, ABSA-Allocated Hearst Storage ",
Iranian Student Association in America,https://callink.berkeley.edu/organization/iranianstudentallianceinamerica,isaa_at_cal,Graduate Student Organizations ,
Iranian Students Cultural Organization 💙,https://callink.berkeley.edu/organization/isco,iscoucb,"ASUC Sponsored 2026-27-Student Activity Groups, Undergraduate Organizations, Cultural & Identity/Cultural & Ethnic Student Organizations, ABSA-Allocated Hearst Storage , Blue Heart Initiative Category",
Israel Action Committee,https://callink.berkeley.edu/organization/iac,,"Cultural & Identity/International Student Organizations, Undergraduate Organizations",
Issues: Berkeley Medical Journal,https://callink.berkeley.edu/organization/berkeleymedicaljournal,bmjcal,"ASUC Sponsored 2026-27-Publication Groups, Media & Publication Student Organizations, Undergraduate Organizations",
Italian Club at Berkeley,https://callink.berkeley.edu/organization/italianclubatberkeley,italianclubberkeley,Cultural & Identity/International Student Organizations,
Jain Students Association 💙,https://callink.berkeley.edu/organization/jsa,jsaberkeley,"Spiritual Student Organizations, Undergraduate Organizations, Blue Heart Initiative Category",
Jakara Movement Club at Berkeley 💙,https://callink.berkeley.edu/organization/jakaramovementclub,scf.ucb,"ASUC Sponsored 2026-27-Student Initiated Service Groups, Undergraduate Organizations, Cultural & Identity/Cultural & Ethnic Student Organizations, Blue Heart Initiative Category",
Jeff's super cool fraternity,https://callink.berkeley.edu/organization/jeffssupercoolfraternity,berkeleyfsl,"Health & Wellness Student Organizations, Performing Arts Student Organizations, Service Student Organizations, Undergraduate Organizations, Cultural & Identity/Cultural & Ethnic Student Organizations, Cultural & Identity/Women Interest Student Organizations, LGBTQ+ Student Organizations, Black/African American Student Community, Sports Club",
Jericho!,https://callink.berkeley.edu/organization/jericho,jerichoimprov,"ASUC Sponsored 2026-27-Student Activity Groups, Performing Arts Student Organizations, Undergraduate Organizations, ABSA-Allocated Hearst Storage ",
Jewish Business Association,https://callink.berkeley.edu/organization/jewishbusinessassociation,berkeleyjba,Professional Student Organizations,
Jewish Student Union,https://callink.berkeley.edu/organization/jsu,caljsu,"Undergraduate Organizations, Cultural & Identity/Cultural & Ethnic Student Organizations",
Jewish Students Association at Berkeley Law 💙,https://callink.berkeley.edu/organization/jsabl,,"Graduate Student Organizations , Blue Heart Initiative Category",
Jewish@Haas 💙,https://callink.berkeley.edu/organization/jewishathaas,,"Graduate Student Organizations , Haas MBA RSO, Blue Heart Initiative Category",
JFashion at Berkeley 💙,https://callink.berkeley.edu/organization/jfashion,jfashion_at_berkeley,"Arts Student Organizations, Undergraduate Organizations, Blue Heart Initiative Category",
Jugger at Berkeley 💙,https://callink.berkeley.edu/organization/berkeleyjugger,berkeleyjugger,"ASUC Sponsored 2026-27-Student Activity Groups, Recreational Student Organizations, Undergraduate Organizations, ABSA-Allocated Hearst Storage , Blue Heart Initiative Category",
Juggling Club at Berkeley,https://callink.berkeley.edu/organization/jugglingclub,,"Performing Arts Student Organizations, Undergraduate Organizations",
Junior Care Clinic at Berkeley,https://callink.berkeley.edu/organization/juniorcareclinicatberkeley,jcclinicberkeley,"ASUC Sponsored 2026-27-Student Initiated Service Groups, Service Student Organizations, Undergraduate Organizations, ABSA-Allocated Hearst Storage ",
JurisNetwork at Berkeley,https://callink.berkeley.edu/organization/jurisnetworkberkeley,,"Professional Student Organizations, Undergraduate Organizations",
Kairos Christian Fellowship 💙,https://callink.berkeley.edu/organization/kairoschristianfellowship,kairos.berkeley,"ASUC Sponsored 2026-27-Student Activity Groups, Spiritual Student Organizations, Blue Heart Initiative Category",
Kairos Dance Co.,https://callink.berkeley.edu/organization/kairosdanceco,calkairos,"Performing Arts Student Organizations, Undergraduate Organizations",
Kappa Alpha Order,https://callink.berkeley.edu/organization/kappaalphaorder,,CalGreeks Interfraternity Council (IFC) Fraternities,
Kappa Alpha Pi Pre-Law Fraternity,https://callink.berkeley.edu/organization/kapi,kapiucb,"ASUC Sponsored 2026-27-Student Activity Groups, Professional Student Organizations, Undergraduate Organizations",
"Kappa Alpha Psi Fraternity, Inc.",https://callink.berkeley.edu/organization/kappaalphapsi,,CalGreeks National Pan-Hellenic Council (NPHC) Fraternities & Sororities,
Kappa Alpha Theta,https://callink.berkeley.edu/organization/kappaalphatheta,caltheta,CalGreeks Panhellenic Council (PHC) Sororities,
Kappa Delta Rho,https://callink.berkeley.edu/organization/kappadeltarho,,CalGreeks Interfraternity Council (IFC) Fraternities,
Kappa Gamma Delta,https://callink.berkeley.edu/organization/kgd,calkgd,"ASUC Sponsored 2026-27-Student Activity Groups, Professional Student Organizations, Undergraduate Organizations",
Kappa Sigma,https://callink.berkeley.edu/organization/kappasigma,calkappasigma,CalGreeks Interfraternity Council (IFC) Fraternities,
Karisma,https://callink.berkeley.edu/organization/karisma,karisma_berkeley,"Spiritual Student Organizations, Undergraduate Organizations",
Keebs at Berkeley 💙,https://callink.berkeley.edu/organization/keebs,keebs_at_berkeley,"ASUC Sponsored 2026-27-Student Activity Groups, Recreational Student Organizations, Undergraduate Organizations, Blue Heart Initiative Category",
Kendo Club 💙,https://callink.berkeley.edu/organization/kendoclub,kendoclub_berkeley,"ASUC Sponsored 2026-27-Student Activity Groups, Recreational Student Organizations, Undergraduate Organizations, ABSA-Allocated Hearst Storage , Blue Heart Initiative Category",
Kerusso Fellowship 💙,https://callink.berkeley.edu/organization/kerusso,kerussoberkeley,"Spiritual Student Organizations, Undergraduate Organizations, Blue Heart Initiative Category",
Khmer Student Association (Formerly known as Berkeley Cambodian Students Association)💙,https://callink.berkeley.edu/organization/ksa,ksaberkeley,"ASUC Sponsored 2026-27-Student Initiated Service Groups, Cultural & Identity/International Student Organizations, Undergraduate Organizations, ABSA-Allocated Hearst Storage , Blue Heart Initiative Category",
Kidney Disease Screening and Awareness Program 💙,https://callink.berkeley.edu/organization/kdsap,berkeleykdsap,"ASUC Sponsored 2026-27-Student Initiated Service Groups, Service Student Organizations, Undergraduate Organizations, ABSA-Allocated Hearst Storage , Blue Heart Initiative Category",
Kids in Nutrition 💙,https://callink.berkeley.edu/organization/kin,kin_ucb,"Service Student Organizations, Undergraduate Organizations, Blue Heart Initiative Category",
Kink Club 💙,https://callink.berkeley.edu/organization/kinkclub,berkeleykinkclub,"Recreational Student Organizations, Undergraduate Organizations, Blue Heart Initiative Category",
Korean American Student Association,https://callink.berkeley.edu/organization/koreanamericanstudentassociation,ucbkasa,"Undergraduate Organizations, Cultural & Identity/Cultural & Ethnic Student Organizations",
Korean Business Society,https://callink.berkeley.edu/organization/kbo,,"Professional Student Organizations, Undergraduate Organizations",
Korean Graduate Students Association,https://callink.berkeley.edu/organization/kgsa,,Graduate Student Organizations ,
Korean Performance Group,https://callink.berkeley.edu/organization/kpg,kpgcal,"ASUC Sponsored 2026-27-Student Activity Groups, Performing Arts Student Organizations, Undergraduate Organizations",
Korean Undergraduate Networking Association,https://callink.berkeley.edu/organization/kuna,ucbkuna,"Cultural & Identity/International Student Organizations, Undergraduate Organizations",
Koreans 4 Decolonization,https://callink.berkeley.edu/organization/koreans4decolonization,koreans4decolonization,"Undergraduate Organizations, Cultural & Identity/Cultural & Ethnic Student Organizations",
Koreans at Berkeley Law,https://callink.berkeley.edu/organization/kabl,kabl_berkeleylaw,"Graduate Student Organizations , Blue Heart Initiative Category",
Kurdish Student Association,https://callink.berkeley.edu/organization/kurdishstudentassociation,,"Performing Arts Student Organizations, Undergraduate Organizations",
La Alianza: Law Students of Latin American Descent 💙,https://callink.berkeley.edu/organization/laalianza,alianza.berkeleylaw,"Graduate Student Organizations , Blue Heart Initiative Category",
La Raza Law Journal 💙,https://callink.berkeley.edu/organization/galarazalawjournal,,"Graduate Student Organizations , Blue Heart Initiative Category",
Labor Coach Program,https://callink.berkeley.edu/organization/laborcoachprogram,ahs.laborcoach,"ASUC Sponsored 2026-27-Student Activity Groups, Service Student Organizations, Undergraduate Organizations",
LAHBA at Haas 💙,https://callink.berkeley.edu/organization/lahbaathaas,lahba_haas,"Graduate Student Organizations , Haas MBA RSO, Blue Heart Initiative Category",
Lambda Phi Epsilon,https://callink.berkeley.edu/organization/lambdaphiepsilon,,CalGreeks Interfraternity Council (IFC) Fraternities,
"Lambda Sigma Upsilon Latino Fraternity, Inc.",https://callink.berkeley.edu/organization/lambdasigmaupsilon,lsu_1979,"CalGreeks Multicultural Greek Council (MCGC) Fraternities & Sororities, Undergraduate Organizations",
"Lambda Theta Alpha Latin Sorority, Inc.",https://callink.berkeley.edu/organization/lambdathetaalpha,lta_deltaomicron,"ASUC Sponsored 2026-27-Student Activity Groups, CalGreeks Multicultural Greek Council (MCGC) Fraternities & Sororities",
"Lambda Upsilon Lambda Fraternity, Inc.",https://callink.berkeley.edu/organization/lul,,CalGreeks Multicultural Greek Council (MCGC) Fraternities & Sororities,
Laotian American Student Representatives 💙,https://callink.berkeley.edu/organization/lasr,cal.lasr,"ASUC Sponsored 2026-27-Student Activity Groups, Undergraduate Organizations, Cultural & Identity/Cultural & Ethnic Student Organizations, ABSA-Allocated Hearst Storage , Blue Heart Initiative Category",
Latin American Leadership Society,https://callink.berkeley.edu/organization/lls,llsberkeley,"ASUC Sponsored 2026-27-Student Activity Groups, Undergraduate Organizations, Cultural & Identity/Cultural & Ethnic Student Organizations, Blue Heart Initiative Category",
Latine Pre-Law Society,https://callink.berkeley.edu/organization/latineprelawsociety,lplsberkeley,"ASUC Sponsored 2026-27-Student Activity Groups, Professional Student Organizations, Undergraduate Organizations, Blue Heart Initiative Category",
Latines in Film and Television at Berkeley,https://callink.berkeley.edu/organization/latinesfilmtvberkeley,,"ASUC Sponsored 2026-27-Student Activity Groups, ABSA-Allocated Hearst Storage ",
Latinx Business Student Association 💙,https://callink.berkeley.edu/organization/ucblbsa,ucberkeleylbsa,"ASUC Sponsored 2026-27-Student Activity Groups, Academic Student Organizations, Undergraduate Organizations, ABSA-Allocated Hearst Storage , Blue Heart Initiative Category",
Launchpad,https://callink.berkeley.edu/organization/launchpad,callaunchpad,"Professional Student Organizations, Undergraduate Organizations",
Lavender Alliance at Berkeley 💙,https://callink.berkeley.edu/organization/lavenderalliance,lavenderalliance.berkeley,"Undergraduate Organizations, LGBTQ+ Student Organizations, Blue Heart Initiative Category",
Law and Political Economy at Berkeley Law (Formerly known as Law and Political Economy Society of Berkeley),https://callink.berkeley.edu/organization/lpeabl,,Graduate Student Organizations ,
Law and Society Graduate Association,https://callink.berkeley.edu/organization/lsga,,Graduate Student Organizations ,
Law Students for Justice in Palestine,https://callink.berkeley.edu/organization/lsjp,berkeleylawforpalestine,Graduate Student Organizations ,
Law Students of African Descent 💙,https://callink.berkeley.edu/organization/galawstudentsofafricandescent,ucberkeleylsad,"Graduate Student Organizations , Blue Heart Initiative Category, Black/African American Student Community",
Laya of Berkeley,https://callink.berkeley.edu/organization/layaofberkeley,layaofberkeley,"ASUC Sponsored 2026-27-Student Activity Groups, Performing Arts Student Organizations, Undergraduate Organizations",
Le Cercle Français of Berkeley 💙,https://callink.berkeley.edu/organization/lecercle,lecerclefrancais.ucb,"ASUC Sponsored 2026-27-Student Activity Groups, Cultural & Identity/International Student Organizations, Undergraduate Organizations, Blue Heart Initiative Category",
LEADers - Leaders for Equity & Democracy in Education,https://callink.berkeley.edu/organization/leadersforequityanddemocracyineducation,,Graduate Student Organizations ,
League of Filipino Students 💙,https://callink.berkeley.edu/organization/lfs,ucblfs,"ASUC Sponsored 2026-27-Student Initiated Service Groups, Political & Advocacy Student Organizations, Undergraduate Organizations, Blue Heart Initiative Category",
Lebanese Student Association at Berkeley,https://callink.berkeley.edu/organization/lebanesestudentassociation,,"ASUC Sponsored 2026-27-Student Activity Groups, Cultural & Identity/International Student Organizations, ABSA-Allocated Hearst Storage ",
Liberty in North Korea at Berkeley 💙,https://callink.berkeley.edu/organization/link,linkberkeley,"ASUC Sponsored 2026-27-Student Activity Groups, Political & Advocacy Student Organizations, Undergraduate Organizations, Blue Heart Initiative Category",
Lifestyle Medicine at Berkeley 💙,https://callink.berkeley.edu/organization/lifestylemedicineatberkeley,lmigucberkeley,"Service Student Organizations, Undergraduate Organizations, Blue Heart Initiative Category",
Likelion at Berkeley,https://callink.berkeley.edu/organization/likelionatberkeley,likelion_berkeley,"Academic Student Organizations, Undergraduate Organizations",
Lindy On Sproul 💙,https://callink.berkeley.edu/organization/lindyonsproul,lindyonsproul,"Performing Arts Student Organizations, Undergraduate Organizations, ABSA-Allocated Hearst Storage , Blue Heart Initiative Category",
Line Dancing Club at Berkeley!,https://callink.berkeley.edu/organization/linedancingclubatberkeley,ucb_linedancingclub,"ASUC Sponsored 2026-27-Student Activity Groups, Recreational Student Organizations",
"Literary Society of Berkeley, The (Formerly The Book Club of Berkeley) 💙",https://callink.berkeley.edu/organization/literarysocietyofberkeley,literarysocietyofberkeley,"Recreational Student Organizations, Undergraduate Organizations, Blue Heart Initiative Category",
Live Poets Society 💙,https://callink.berkeley.edu/organization/livepoetssociety,livepoetsatberkeley,"Arts Student Organizations, Undergraduate Organizations, Blue Heart Initiative Category",
Logging Sports Team 💙,https://callink.berkeley.edu/organization/loggingsports,buckingbears,"ASUC Sponsored 2026-27-Student Activity Groups, Recreational Student Organizations, Undergraduate Organizations, Blue Heart Initiative Category",
Logically Organized Students,https://callink.berkeley.edu/organization/logicallyorganizedstudents,,Graduate Student Organizations ,
Low Vision Club at Berkeley,https://callink.berkeley.edu/organization/lowvisionclubatberkeley,,"Academic Student Organizations, Undergraduate Organizations",
LSBE Student Board,https://callink.berkeley.edu/organization/lsbeboard,ucberkeleylsbe,"Academic Student Organizations, Undergraduate Organizations",
LUXX 💙,https://callink.berkeley.edu/organization/luxx,luxxatberkeley,"ASUC Sponsored 2026-27-Student Activity Groups, Performing Arts Student Organizations, Undergraduate Organizations, ABSA-Allocated ESH Storage, Blue Heart Initiative Category",
Machine Learning at Berkeley,https://callink.berkeley.edu/organization/mlab,mlberkeley,"Professional Student Organizations, Undergraduate Organizations",
maganda magazine,https://callink.berkeley.edu/organization/magandamagazine,maganda.magazine,"ASUC Sponsored 2026-27-Publication Groups, Media & Publication Student Organizations, Undergraduate Organizations, ABSA-Allocated Hearst Storage ",
MAHIWAGA A Cappella,https://callink.berkeley.edu/organization/mahiwagaacappella,mahiwaga.cal,"ASUC Sponsored 2026-27-Student Activity Groups, Performing Arts Student Organizations, Undergraduate Organizations",
Malaysian Student Association at Berkeley 💙,https://callink.berkeley.edu/organization/masa,masaberkeley,"Cultural & Identity/International Student Organizations, Undergraduate Organizations, Blue Heart Initiative Category",
Management Consulting Club at Berkeley,https://callink.berkeley.edu/organization/mccb,mccb.cal,"Professional Student Organizations, Undergraduate Organizations",
Mariachi Luz de Oro,https://callink.berkeley.edu/organization/mariachiluzdeoro,ucbmlo,"ASUC Sponsored 2026-27-Student Activity Groups, Performing Arts Student Organizations, Undergraduate Organizations, ABSA-Allocated Hearst Storage , Blue Heart Initiative Category",
Mass Media at Berkeley Law,https://callink.berkeley.edu/organization/mmabl,,Graduate Student Organizations ,
Materials Science and Engineering Association,https://callink.berkeley.edu/organization/msea,mse_ucberkeley,"Engineering/Computer Science Student Organizations , Undergraduate Organizations",
Materials Science and Engineering Graduate Student Council 💙,https://callink.berkeley.edu/organization/mse_gsc,ucbmsegsc,"Graduate Student Organizations , Blue Heart Initiative Category",
"Maternal, Child and Adolescent Health Student Interest Group 💙",https://callink.berkeley.edu/organization/mcahsig,ucbmcah,"Graduate Student Organizations , Blue Heart Initiative Category",
Math and Games,https://callink.berkeley.edu/organization/mathandgames,,Recreational Student Organizations,
Math Tournament at Berkeley,https://callink.berkeley.edu/organization/mathtournament,berkeley_mt,"Service Student Organizations, Undergraduate Organizations",
Mathematics Graduate Students Association,https://callink.berkeley.edu/organization/mgsa,,Graduate Student Organizations ,
Mathematics Undergraduate Student Association 💙,https://callink.berkeley.edu/organization/musa,,"ASUC Sponsored 2026-27-Student Activity Groups, Academic Student Organizations, Undergraduate Organizations, Blue Heart Initiative Category",
Matriculate,https://callink.berkeley.edu/organization/matriculate,ucbmatriculate,"Service Student Organizations, Undergraduate Organizations",
Maya at Berkeley,https://callink.berkeley.edu/organization/maya,mayaatberkeley,"Performing Arts Student Organizations, Undergraduate Organizations",
MBA Association,https://callink.berkeley.edu/organization/mbaassociation,,"Graduate Student Organizations , Haas MBA RSO",
Mechanical Engineering Graduate Student Council 💙,https://callink.berkeley.edu/organization/megsco,,"Graduate Student Organizations , Blue Heart Initiative Category",
Media Studies Student Association,https://callink.berkeley.edu/organization/mediastudiesstudentassociation,ucberkeleymssa,"ASUC Sponsored 2026-27-Student Activity Groups, ABSA-Allocated Hearst Storage ",
Medical Emergency Education Project at Berkeley,https://callink.berkeley.edu/organization/medicalemergencyeducationproject,meepatberkeley,"ASUC Sponsored 2026-27-Student Initiated Service Groups, Service Student Organizations, Undergraduate Organizations, ABSA-Allocated Hearst Storage ",
Medical Reallocation Initiative 💙,https://callink.berkeley.edu/organization/mri,mri.berkeley,"Service Student Organizations, Undergraduate Organizations, Blue Heart Initiative Category",
Medical Volunteering Association at Berkeley 💙,https://callink.berkeley.edu/organization/mvab,mvaatberkeley,"Berkeley Public Service Center Designated, ASUC Sponsored 2026-27-Student Initiated Service Groups, Service Student Organizations, Undergraduate Organizations, Blue Heart Initiative Category",
Meteorological Society at Berkeley,https://callink.berkeley.edu/organization/meteorologicalsocietyatberkeley,msb.berkeley,"ASUC Sponsored 2026-27-Student Activity Groups, Academic Student Organizations, Undergraduate Organizations",
Microbial Biology Graduate Student Group 💙,https://callink.berkeley.edu/organization/msg,,Graduate Student Organizations ,
Microbial Sciences Association,https://callink.berkeley.edu/organization/calmicrobe,calmicrobes,"Academic Student Organizations, Campus Departments, Undergraduate Organizations",
Microfinance at Berkeley,https://callink.berkeley.edu/organization/microfinanceatberkeley,microfinanceatberkeley,"ASUC Sponsored 2026-27-Student Activity Groups, Professional Student Organizations, Undergraduate Organizations, ABSA-Allocated Hearst Storage ",
Middle Eastern and North African Law Students Association 💙,https://callink.berkeley.edu/organization/menalsa,menalsa.berkeleylaw,"Graduate Student Organizations , Blue Heart Initiative Category",
Middle Eastern Business Association,https://callink.berkeley.edu/organization/meba,ucbmeba,"ASUC Sponsored 2026-27-Student Activity Groups, Professional Student Organizations, Undergraduate Organizations",
Middle Eastern North African Recruitment and Retention Center,https://callink.berkeley.edu/organization/menarrc,calmenarrc,"RRC - Recruitment & Retention Center, Undergraduate Organizations",
"Middle Eastern, Muslim, Sikh, South Asian Coalition",https://callink.berkeley.edu/organization/memssa,memssasenator,"ASUC Sponsored 2026-27-Student Activity Groups, Undergraduate Organizations, Cultural & Identity/Cultural & Ethnic Student Organizations, ABSA-Allocated ESH Storage",
Military and Veterans at Berkeley Law,https://callink.berkeley.edu/organization/bamv,l.o.v.e._ucb,Graduate Student Organizations ,
Mindful Masters,https://callink.berkeley.edu/organization/mindfulmasters,_mindful_masters_,Graduate Student Organizations ,
Minorities in Health Conference 💙,https://callink.berkeley.edu/organization/minoritiesinhealthconference,minoritiesinhealth,"ASUC Sponsored 2026-27-Student Activity Groups, Professional Student Organizations, Undergraduate Organizations, Blue Heart Initiative Category",
Mixed @ Berkeley Recruitment and Retention Center - MRRC,https://callink.berkeley.edu/organization/mixed,mixedatberkeley,"RRC - Recruitment & Retention Center, Undergraduate Organizations",
Mixology Club,https://callink.berkeley.edu/organization/mixologyclub,,Media & Publication Student Organizations,
Mobile Developers of Berkeley,https://callink.berkeley.edu/organization/mdb,mdbdev,"Engineering/Computer Science Student Organizations , Undergraduate Organizations",
Molecular and Cell Biology Cell Developmental Neurobiological Association,https://callink.berkeley.edu/organization/mcbcdna,mcb_cdna,"ASUC Sponsored 2026-27-Student Activity Groups, Academic Student Organizations, Undergraduate Organizations",
Molecular and Cell Biology Undergraduate Student Association,https://callink.berkeley.edu/organization/mcbusa,mcbusa_berkeley,"ASUC Sponsored 2026-27-Student Activity Groups, Academic Student Organizations, Undergraduate Organizations",
Molecular Cell Biology Graduate Student Organization 💙,https://callink.berkeley.edu/organization/gamolecularcellbiologygraduatestudentorganization,,"Graduate Student Organizations , Blue Heart Initiative Category",
Molecular Environmental Biology at Berkeley 💙,https://callink.berkeley.edu/organization/mebatberkeley,mebatberkeley,"ASUC Sponsored 2026-27-Student Activity Groups, Blue Heart Initiative Category",
Motorsport Mechanics of Berkeley,https://callink.berkeley.edu/organization/motorsportmechanicsofberkeley,mmoberkeley,"Engineering/Computer Science Student Organizations , Undergraduate Organizations",
MOVE: AA Community Organizing Fellowship,https://callink.berkeley.edu/organization/movefellowship,movefellowshipcal,"ASUC Sponsored 2026-27-Student Initiated Service Groups, Service Student Organizations, Undergraduate Organizations",
"Music Connection, The 💙",https://callink.berkeley.edu/organization/themusicconnection,tmcberkeley,"ASUC Sponsored 2026-27-Student Initiated Service Groups, Service Student Organizations, Undergraduate Organizations, ABSA-Allocated Hearst Storage , Blue Heart Initiative Category",
Muslim Law Students Association (formerly Berkeley Law Muslim Student Assn),https://callink.berkeley.edu/organization/muslimlawstudentsassociation,berkeleymlsa,Graduate Student Organizations ,
Muslim Mental Health Initiative 💙,https://callink.berkeley.edu/organization/muslimmentalhealthinitiative,calmmhi,"ASUC Sponsored 2026-27-Student Initiated Service Groups, Service Student Organizations, Undergraduate Organizations, ABSA-Allocated Hearst Storage , Blue Heart Initiative Category",
Muslim Student Association,https://callink.berkeley.edu/organization/msa,calmsa,"ASUC Sponsored 2026-27-Student Activity Groups, Spiritual Student Organizations, Undergraduate Organizations, ABSA-Allocated Hearst Storage , ABSA - Budgeted over $7500 Organizations",
Muslim Student Engagement (formerly known as Ahmadiyya Muslim Student Association),https://callink.berkeley.edu/organization/mse,calmsa,"Spiritual Student Organizations, Undergraduate Organizations",
Muslim Tech Collaborative 💙,https://callink.berkeley.edu/organization/mtc,mtcberkeley,"Engineering/Computer Science Student Organizations , Undergraduate Organizations, Blue Heart Initiative Category",
Muslims in Academia at Berkeley,https://callink.berkeley.edu/organization/muslimsinacademia,miaberkeley_,"ASUC Sponsored 2026-27-Student Activity Groups, Undergraduate Organizations, Cultural & Identity/Cultural & Ethnic Student Organizations",
Muslims of Haas,https://callink.berkeley.edu/organization/muslimsofhaas,muslimsofhaas,"ASUC Sponsored 2026-27-Student Activity Groups, Professional Student Organizations, Undergraduate Organizations",
Mycology Club at Berkeley,https://callink.berkeley.edu/organization/mycologyclubatberkeley,berkeleymycology,"ASUC Sponsored 2026-27-Student Activity Groups, Academic Student Organizations, Environmental & Sustainability Student Organizations, Undergraduate Organizations, Blue Heart Initiative Category",
Myopia Control Club at Berkeley (MCC) 💙,https://callink.berkeley.edu/organization/myopiacontrolclub,myopiacontrolclub,"Graduate Student Organizations , Blue Heart Initiative Category",
Myriad Legal Consulting,https://callink.berkeley.edu/organization/myriadlegalconsulting,myriadatberkeley,"ASUC Sponsored 2026-27-Student Activity Groups, Political & Advocacy Student Organizations, Undergraduate Organizations",
Naos House of Prayer,https://callink.berkeley.edu/organization/naos,,"Spiritual Student Organizations, Undergraduate Organizations",
National Association of Minority Landscape Architects at Berkeley,https://callink.berkeley.edu/organization/namlaatberkeley,namla.berkeley,"Academic Student Organizations, Undergraduate Organizations",
National Ground Game at Berkeley,https://callink.berkeley.edu/organization/nationalgroundgameatberkeley,,"Political & Advocacy Student Organizations, Undergraduate Organizations",
"National Lawyers Guild, Berkeley Law Chapter",https://callink.berkeley.edu/organization/nlg,,Graduate Student Organizations ,
National Optometric Student Association,https://callink.berkeley.edu/organization/nosa,nosaxdeib_ucb,Graduate Student Organizations ,
National Organization of Minority Architects Students,https://callink.berkeley.edu/organization/nomas_berkeley,nomas_berkeley,"Academic Student Organizations, Undergraduate Organizations",
National Pan-Hellenic Council (NPHC),https://callink.berkeley.edu/organization/nphc,calnphc,CalGreeks Fraternity & Sorority Affinity Groups,
National Society of Leadership and Success- Sigma Alpha Pi,https://callink.berkeley.edu/organization/nsls,berkeleynsls,"Academic Student Organizations, Undergraduate Organizations",
Native American & Indigenous Business Association 💙,https://callink.berkeley.edu/organization/naiba,,"Graduate Student Organizations , Haas MBA RSO, Blue Heart Initiative Category",
Native American Law Students Association,https://callink.berkeley.edu/organization/nalsa,nalsaucb,Graduate Student Organizations ,
Natya at Berkeley,https://callink.berkeley.edu/organization/natyaatberkeley,natya.berkeley,"ASUC Sponsored 2026-27-Student Activity Groups, Performing Arts Student Organizations, Undergraduate Organizations",
Nazakat at Berkeley,https://callink.berkeley.edu/organization/nazakat-berkeley,nazakatatberkeley,"ASUC Sponsored 2026-27-Student Activity Groups, Performing Arts Student Organizations, Undergraduate Organizations",
Net Impact at Haas 💙,https://callink.berkeley.edu/organization/netimpactathaas,,"Graduate Student Organizations , Haas MBA RSO, Blue Heart Initiative Category",
Net Impact Berkeley,https://callink.berkeley.edu/organization/netimpactberkeley,netimpactberkeley,"Professional Student Organizations, Undergraduate Organizations",
Neuroscience Club at Berkeley,https://callink.berkeley.edu/organization/neuroscienceclub,neuroatberkeley,"ASUC Sponsored 2026-27-Student Activity Groups, Academic Student Organizations, Undergraduate Organizations, ABSA-Allocated Hearst Storage ",
Neurotechnology at Berkeley,https://callink.berkeley.edu/organization/neurotechberkeley,calneurotech,"ASUC Sponsored 2026-27-Student Activity Groups, Professional Student Organizations, Undergraduate Organizations, ABSA-Allocated Hearst Storage ",
NewSpace at Berkeley,https://callink.berkeley.edu/organization/newspaceatberkeley,newspaceatberkeley,"ASUC Sponsored 2026-27-Student Activity Groups, Professional Student Organizations, Undergraduate Organizations, ABSA-Allocated Hearst Storage ",
Next Generation Consulting at Berkeley,https://callink.berkeley.edu/organization/ngcberkeley,ngcberkeley,"ASUC Sponsored 2026-27-Student Activity Groups, Professional Student Organizations, Undergraduate Organizations",
Nigerian Students Association,https://callink.berkeley.edu/organization/nigerianstudentsassociation,ucberkeleynsa,"ASUC Sponsored 2026-27-Student Activity Groups, Cultural & Identity/International Student Organizations, Undergraduate Organizations, ABSA-Allocated Hearst Storage ",
Nikkei Choral Ensemble,https://callink.berkeley.edu/organization/nikkeichoralensemble,nikkeichoralensemble,"ASUC Sponsored 2026-27-Student Activity Groups, Performing Arts Student Organizations, Undergraduate Organizations, ABSA-Allocated Hearst Storage ",
Nikkei Student Union 💙,https://callink.berkeley.edu/organization/nikkeistudentunion,berkeleynsu,"ASUC Sponsored 2026-27-Student Activity Groups, Cultural & Identity/International Student Organizations, Undergraduate Organizations, ABSA-Allocated Hearst Storage , Blue Heart Initiative Category",
NODE 💙,https://callink.berkeley.edu/organization/node,,"Graduate Student Organizations , Blue Heart Initiative Category",
"Noetherian Ring, The",https://callink.berkeley.edu/organization/nring,,Graduate Student Organizations ,
North Indian Student Association,https://callink.berkeley.edu/organization/northindianstudentassociation,goldengategarba,"ASUC Sponsored 2026-27-Student Activity Groups, Cultural & Identity/International Student Organizations, Undergraduate Organizations, ABSA-Allocated Hearst Storage ",
Nova Consulting,https://callink.berkeley.edu/organization/berkeleynova,berkeleynova,"Professional Student Organizations, Undergraduate Organizations",
Nuclear Is Clean Energy Club 💙,https://callink.berkeley.edu/organization/nucleariscleanenergy,niceucb,"ASUC Sponsored 2026-27-Student Activity Groups, Political & Advocacy Student Organizations, Undergraduate Organizations, ABSA-Allocated Hearst Storage , Blue Heart Initiative Category",
Nukids Nubies,https://callink.berkeley.edu/organization/nunu,,"Service Student Organizations, Undergraduate Organizations",
Oakland Asian Student Educational Services 💙,https://callink.berkeley.edu/organization/oases,oasesatucberkeley,"ASUC Sponsored 2026-27-Student Activity Groups, Service Student Organizations, Undergraduate Organizations, ABSA-Allocated Hearst Storage , Blue Heart Initiative Category",
OC and World-Builder's Collective at Berkeley,https://callink.berkeley.edu/organization/ocandworld-builderscollective,owcab_berkeley,Arts Student Organizations,
Ocean Society of Berkeley 💙,https://callink.berkeley.edu/organization/oceansociety,caloceansociety,"Academic Student Organizations, Undergraduate Organizations, Blue Heart Initiative Category",
Olami at Berkeley,https://callink.berkeley.edu/organization/olami,,,
Older Wiser Law Students of Berkeley,https://callink.berkeley.edu/organization/owls,,Graduate Student Organizations ,
"Omega Phi Beta Sorority, Inc.",https://callink.berkeley.edu/organization/opb,,"CalGreeks Multicultural Greek Council (MCGC) Fraternities & Sororities, Undergraduate Organizations",
Open Innovation Squad at Berkeley,https://callink.berkeley.edu/organization/openinnovationsquad,,"Professional Student Organizations, Undergraduate Organizations",
Open Project,https://callink.berkeley.edu/organization/openprojectberkeley,openprojectberkeley,"ASUC Sponsored 2026-27-Student Activity Groups, Professional Student Organizations, Undergraduate Organizations, ABSA-Allocated ESH Storage",
Operation Smile at Berkeley (Formerly Operation Smile) 💙,https://callink.berkeley.edu/organization/operationsmileberkeley,operationsmileberkeley,"ASUC Sponsored 2026-27-Student Initiated Service Groups, Service Student Organizations, Undergraduate Organizations, Blue Heart Initiative Category",
Optimir Consulting,https://callink.berkeley.edu/organization/optimirconsulting,optimir_consulting,"ASUC Sponsored 2026-27-Student Activity Groups, Professional Student Organizations, Undergraduate Organizations, ABSA-Allocated Hearst Storage ",
Optometric Business Management Club of Berkeley,https://callink.berkeley.edu/organization/optometricbusinessmanagementclub,obm_berkeley,Graduate Student Organizations ,
Optometric Student Association 💙,https://callink.berkeley.edu/organization/ucosa,,"Graduate Student Organizations , Blue Heart Initiative Category",
Optometry Class of 2024 at Berkeley,https://callink.berkeley.edu/organization/gaoptometryclassof2024,,Graduate Student Organizations ,
Optometry Class of 2027 at Berkeley,https://callink.berkeley.edu/organization/optometryclassof2027,,Graduate Student Organizations ,
Optometry Class of 2029 at Berkeley (Formerly Optometry Class of 2025 at Berkeley),https://callink.berkeley.edu/organization/ucbso2029,berkeleyoptometry2025,Graduate Student Organizations ,
Optometry Class of 2030 at Berkeley,https://callink.berkeley.edu/organization/ucbso2030,,Graduate Student Organizations ,
Organization of Jewish Graduate Students 💙,https://callink.berkeley.edu/organization/ojgs,,"Graduate Student Organizations , Blue Heart Initiative Category",
Orthodox Christian Fellowship at Berkeley 💙,https://callink.berkeley.edu/organization/ocfatberkeley,berkeley_ocf,"Spiritual Student Organizations, Undergraduate Organizations, Blue Heart Initiative Category",
Oski Committee,https://callink.berkeley.edu/organization/oskicommittee,,"Recreational Student Organizations, OASIS Sponsored Organization, Undergraduate Organizations",
Our Monologues (formerly V-Day at Berkeley),https://callink.berkeley.edu/organization/v-day,ourmonologues,"ASUC Sponsored 2026-27-Student Activity Groups, Undergraduate Organizations, LGBTQ+ Student Organizations",
"Out in Science, Technology, Engineering, and Mathematics 💙",https://callink.berkeley.edu/organization/ostem,ostem.ucb,"ASUC Sponsored 2026-27-Student Activity Groups, Undergraduate Organizations, LGBTQ+ Student Organizations, Blue Heart Initiative Category",
Outlet 💙,https://callink.berkeley.edu/organization/outlet,outlet.berkeley,"ASUC Sponsored 2026-27-Student Activity Groups, Arts Student Organizations, Undergraduate Organizations, ABSA-Allocated Hearst Storage , Blue Heart Initiative Category",
Pakistani Student Association,https://callink.berkeley.edu/organization/psa,psaucberkeley,"ASUC Sponsored 2026-27-Student Activity Groups, Cultural & Identity/International Student Organizations, Undergraduate Organizations",
Paleontological Society of Berkeley 💙,https://callink.berkeley.edu/organization/psb,paleoberkeley,"Academic Student Organizations, Undergraduate Organizations, Blue Heart Initiative Category",
Panhellenic Council (PHC),https://callink.berkeley.edu/organization/collegepanhellenicassociation,calphc,CalGreeks Fraternity & Sorority Affinity Groups,
Paper Crane,https://callink.berkeley.edu/organization/papercrane,papercraneatberkeley,"ASUC Sponsored 2026-27-Student Initiated Service Groups, Arts Student Organizations, Undergraduate Organizations, ABSA-Allocated Hearst Storage , ABSA-Allocated ESH Storage",
Paragon Consulting at Berkeley,https://callink.berkeley.edu/organization/paragonconsulting,calparagonconsulting,"Professional Student Organizations, Undergraduate Organizations",
Parliamentary Debate at Berkeley,https://callink.berkeley.edu/organization/pdb,calparli,"ASUC Sponsored 2026-27-Student Activity Groups, Academic Student Organizations, Undergraduate Organizations",
Partners In Health Engage at Berkeley 💙,https://callink.berkeley.edu/organization/pih-engage-berkeley,piheberkeley,"Service Student Organizations, Undergraduate Organizations, Blue Heart Initiative Category",
Partnership for Pre-Professional Pilipinxs 💙,https://callink.berkeley.edu/organization/p4,ucberkeleyp4,"ASUC Sponsored 2026-27-Student Activity Groups, Professional Student Organizations, Undergraduate Organizations, Blue Heart Initiative Category",
Paws for Mental Health,https://callink.berkeley.edu/organization/pawsformentalhealth,pmh.berkeley,"ASUC Sponsored 2026-27-Student Initiated Service Groups, Service Student Organizations, Undergraduate Organizations, ABSA-Allocated Hearst Storage ",
Perennial: The Undergraduate Environmental Journal of Berkeley,https://callink.berkeley.edu/organization/perennialenvironmentaljournal,calperennial,"Media & Publication Student Organizations, Undergraduate Organizations",
Performing Arts on Campus Callboard,https://callink.berkeley.edu/organization/pacc,paccberkeley,Performing Arts Student Organizations,
"Period Project at Berkeley, The 💙",https://callink.berkeley.edu/organization/theperiodprojectberkeley,period.berkeley,"ASUC Sponsored 2026-27-Student Initiated Service Groups, Political & Advocacy Student Organizations, Undergraduate Organizations, ABSA-Allocated ESH Storage, Blue Heart Initiative Category",
"Phi Alpha Delta Law Fraternity, International 💙",https://callink.berkeley.edu/organization/berkeleypad,berkeleypad,"ASUC Sponsored 2026-27-Student Activity Groups, Professional Student Organizations, Undergraduate Organizations, ABSA-Allocated Hearst Storage , Blue Heart Initiative Category",
Phi Alpha Theta,https://callink.berkeley.edu/organization/phialphathetaakahistoryhonorsociety,phialphatheta_cal,"Academic Student Organizations, Undergraduate Organizations",
"Phi Beta Sigma, Fraternity Incorporated",https://callink.berkeley.edu/organization/phibetasigma,ucberkeleysigmas,"ASUC Sponsored 2026-27-Student Activity Groups, CalGreeks National Pan-Hellenic Council (NPHC) Fraternities & Sororities",
Phi Delta Epsilon,https://callink.berkeley.edu/organization/phideberkeley,phideberkeley,"ASUC Sponsored 2026-27-Student Activity Groups, Professional Student Organizations, Undergraduate Organizations, ABSA-Allocated Hearst Storage ",
Phi Kappa Psi,https://callink.berkeley.edu/organization/phikappapsifraternity,calphipsi,CalGreeks Interfraternity Council (IFC) Fraternities,
Phi Kappa Sigma,https://callink.berkeley.edu/organization/phikappasigma,,CalGreeks Interfraternity Council (IFC) Fraternities,
Phi Kappa Tau,https://callink.berkeley.edu/organization/phikappatau,calphitau,CalGreeks Interfraternity Council (IFC) Fraternities,
Phi Lambda Rho,https://callink.berkeley.edu/organization/philambdarho,ucberkeleyrhosas,CalGreeks Multicultural Greek Council (MCGC) Fraternities & Sororities,
Phi Sigma Rho,https://callink.berkeley.edu/organization/phisigmarho,calphirho,CalGreeks Multicultural Greek Council (MCGC) Fraternities & Sororities,
Phil And Sophie's Club at Berkeley,https://callink.berkeley.edu/organization/philandsophieclub,phil_and_sophie_at_berkeley,,
Phoenix Consulting Group,https://callink.berkeley.edu/organization/phoenixconsulting,pcgberkeley,"ASUC Sponsored 2026-27-Student Activity Groups, Professional Student Organizations, Undergraduate Organizations, ABSA-Allocated Hearst Storage ",
Phoenix Symphony at Berkeley,https://callink.berkeley.edu/organization/phoenixsymphony,bcme_berkeley,"Performing Arts Student Organizations, Undergraduate Organizations",
PhotoCubs 💙,https://callink.berkeley.edu/organization/ucberkeleyphotobears,,"Graduate Student Organizations , Blue Heart Initiative Category",
Pi Beta Phi,https://callink.berkeley.edu/organization/pibetaphi,calpiphi,CalGreeks Panhellenic Council (PHC) Sororities,
Pi Kappa Alpha,https://callink.berkeley.edu/organization/pikappaalpha,ucbpike,CalGreeks Interfraternity Council (IFC) Fraternities,
Pi Sigma Epsilon,https://callink.berkeley.edu/organization/pse,berkeleypse,"Professional Student Organizations, Undergraduate Organizations",
Pickleball at Berkeley,https://callink.berkeley.edu/organization/pickleballatberkeley,pickleballatberkeley,"Recreational Student Organizations, Undergraduate Organizations",
Piedmont Consulting Group,https://callink.berkeley.edu/organization/piedmontconsultinggroup,piedmontconsulting,"Professional Student Organizations, Undergraduate Organizations",
Pilipino American Alliance 💙,https://callink.berkeley.edu/organization/paa,ucbpaa,"Undergraduate Organizations, Cultural & Identity/Cultural & Ethnic Student Organizations, ABSA-Allocated Hearst Storage , ABSA - Budgeted over $7500 Organizations, Blue Heart Initiative Category",
Pilipino American Law Society 💙,https://callink.berkeley.edu/organization/gapilipinoamericanlawsociety,berkeleylawpals,"Graduate Student Organizations , Blue Heart Initiative Category",
Pilipino Association for Health Careers 💙,https://callink.berkeley.edu/organization/pahc,ucbpahc,"ASUC Sponsored 2026-27-Student Activity Groups, Professional Student Organizations, Undergraduate Organizations, Blue Heart Initiative Category",
Pilipinx Academic Student Services,https://callink.berkeley.edu/organization/pilipinoacademicstudentservices,ucbpass,"RRC - Recruitment & Retention Center, Undergraduate Organizations",
"Pilipinx Association of Scientists, Architects, and Engineers",https://callink.berkeley.edu/organization/pasae,ucb.pasae,"ASUC Sponsored 2026-27-Student Activity Groups, Engineering/Computer Science Student Organizations , Undergraduate Organizations, ABSA-Allocated Hearst Storage ",
Pioneers in Engineering 💙,https://callink.berkeley.edu/organization/pie,pierobotics,"ASUC Sponsored 2026-27-Student Initiated Service Groups, Engineering/Computer Science Student Organizations , Undergraduate Organizations, Blue Heart Initiative Category",
Plaintiffs' Law Association 💙,https://callink.berkeley.edu/organization/plaintiffslawassociation,berkeley.pla,"Graduate Student Organizations , Blue Heart Initiative Category",
Planning Students Association,https://callink.berkeley.edu/organization/gaplanningstudentsassociation,,Graduate Student Organizations ,
Plant & Microbial Biology Graduate Student Group,https://callink.berkeley.edu/organization/pmbg,,Graduate Student Organizations ,
PlexTech,https://callink.berkeley.edu/organization/plextech,plextech.berkeley,"Professional Student Organizations, Undergraduate Organizations",
Pointe of Berkeley 💙,https://callink.berkeley.edu/organization/ballet,pointe.berkeley,"ASUC Sponsored 2026-27-Student Activity Groups, Performing Arts Student Organizations, Undergraduate Organizations, Blue Heart Initiative Category",
Pokemon Club at Berkeley 💙,https://callink.berkeley.edu/organization/pokemonclub,calpokemon,"Recreational Student Organizations, Undergraduate Organizations, Blue Heart Initiative Category",
Poker at Berkeley,https://callink.berkeley.edu/organization/pokeratberkeley,pokeratberkeley,"Recreational Student Organizations, Undergraduate Organizations",
Policy Debate (Cal Debate),https://callink.berkeley.edu/organization/policydebate,,"OASIS Sponsored Organization, Undergraduate Organizations",
Polish Club of Berkeley 💙,https://callink.berkeley.edu/organization/polishclub,polishclubofberkeley,"ASUC Sponsored 2026-27-Student Initiated Service Groups, Cultural & Identity/International Student Organizations, Undergraduate Organizations, Blue Heart Initiative Category",
Political Computer Science,https://callink.berkeley.edu/organization/politicalcomputerscience,pcs_berkeley,"Engineering/Computer Science Student Organizations , Undergraduate Organizations",
Political Economy Student Association 💙,https://callink.berkeley.edu/organization/polieconstudentassociation,pesaberkeley,"Academic Student Organizations, Undergraduate Organizations, Blue Heart Initiative Category",
Power at the Polls,https://callink.berkeley.edu/organization/poweratthepolls,power_at_the_polls,Political & Advocacy Student Organizations,
Power of a Princess,https://callink.berkeley.edu/organization/powerofaprincess,power_of_a_princess,"ASUC Sponsored 2026-27-Student Initiated Service Groups, Performing Arts Student Organizations, Undergraduate Organizations, ABSA-Allocated ESH Storage",
Pre-Nursing Society 💙,https://callink.berkeley.edu/organization/prenursingsociety,ucberkeleypns,"Professional Student Organizations, Undergraduate Organizations, Blue Heart Initiative Category",
Pre-PA Club at Berkeley 💙,https://callink.berkeley.edu/organization/prepaclub,prepaberkeley,"Professional Student Organizations, Undergraduate Organizations, Blue Heart Initiative Category",
"Pre-Pharmacy Informational, Learning and Leadership Society",https://callink.berkeley.edu/organization/pills,ucberkeley_pills,"ASUC Sponsored 2026-27-Student Activity Groups, Professional Student Organizations, Undergraduate Organizations, ABSA-Allocated Hearst Storage , Blue Heart Initiative Category",
PreDental Society,https://callink.berkeley.edu/organization/predentalsociety,cal.pds,"ASUC Sponsored 2026-27-Student Activity Groups, Professional Student Organizations, Undergraduate Organizations, ABSA-Allocated Hearst Storage ",
Pride Business Association,https://callink.berkeley.edu/organization/pridebusinessassociation,pbaberkeley,"ASUC Sponsored 2026-27-Student Activity Groups, Undergraduate Organizations, LGBTQ+ Student Organizations",
PrioriT,https://callink.berkeley.edu/organization/priorit,priorit.berkeley,"ASUC Sponsored 2026-27-Student Activity Groups, Cultural & Identity/International Student Organizations",
Prison Education Project at Berkeley,https://callink.berkeley.edu/organization/prisoneducationproject,,"Academic Student Organizations, Undergraduate Organizations",
Privacy Law at Berkeley 💙,https://callink.berkeley.edu/organization/privlab,berkeleyprivacylaw,"Graduate Student Organizations , Blue Heart Initiative Category",
Pro Bonotes A Cappella,https://callink.berkeley.edu/organization/probonotes,probonotes,Graduate Student Organizations ,
Product Management Club of Berkeley Haas 💙,https://callink.berkeley.edu/organization/productmanagementclubofberkeleyhaas,,"Graduate Student Organizations , Haas MBA RSO, Blue Heart Initiative Category",
Product Space,https://callink.berkeley.edu/organization/productspace,calproductspace,"Professional Student Organizations, Undergraduate Organizations",
Project Lux at Berkeley 💙,https://callink.berkeley.edu/organization/projectlux,projectluxcal,"Service Student Organizations, Undergraduate Organizations, Blue Heart Initiative Category",
Project Reproductive Health Justice 💙,https://callink.berkeley.edu/organization/projectreproductivehealthjustice,projectrhj,"Political & Advocacy Student Organizations, Undergraduate Organizations, Blue Heart Initiative Category",
"Project RISHI, The Berkeley Chapter",https://callink.berkeley.edu/organization/projectrishi,ucbprojectrishi,"ASUC Sponsored 2026-27-Student Initiated Service Groups, Service Student Organizations, Undergraduate Organizations",
Project SCIFI 💙,https://callink.berkeley.edu/organization/projectscifi_experimental_innovation,ucb.projectscifi,"Service Student Organizations, Undergraduate Organizations, Blue Heart Initiative Category",
Project Shifa,https://callink.berkeley.edu/organization/projectshifa,project.shifa,Media & Publication Student Organizations,
Project Smile at Berkeley,https://callink.berkeley.edu/organization/projectsmileatberkeley,projectsmileberkeley,"ASUC Sponsored 2026-27-Student Initiated Service Groups, Professional Student Organizations, Service Student Organizations, ABSA-Allocated Hearst Storage ",
Project Warmth at Berkeley,https://callink.berkeley.edu/organization/projectwarmthatberkeley,projectwarmth_ucb,"ASUC Sponsored 2026-27-Student Initiated Service Groups, Service Student Organizations, Undergraduate Organizations",
Psi Chi,https://callink.berkeley.edu/organization/psichi,berkeleypsichi,"Academic Student Organizations, Undergraduate Organizations",
Psychedelic Science at Berkeley 💙,https://callink.berkeley.edu/organization/psychedelicscience,ucb.psychedelic.science,"ASUC Sponsored 2026-27-Student Activity Groups, Academic Student Organizations, Undergraduate Organizations, Blue Heart Initiative Category",
Public Health Advocate,https://callink.berkeley.edu/organization/publichealthadvocate,publichealthadvocate,"Media & Publication Student Organizations, Undergraduate Organizations",
Public School Records,https://callink.berkeley.edu/organization/publicschoolrecords,publicschoolrecords,"ASUC Sponsored 2026-27-Student Activity Groups, Arts Student Organizations, Undergraduate Organizations, ABSA-Allocated Hearst Storage ",
Puente at Berkeley,https://callink.berkeley.edu/organization/puenteatberkeley,puenteatberkeley,"Service Student Organizations, Undergraduate Organizations",
"Pulse at Berkeley (formerly known as Academian Times, The)",https://callink.berkeley.edu/organization/pulseatberkeley,theberkeleypulse,Media & Publication Student Organizations,
Q at Haas,https://callink.berkeley.edu/organization/qathaas,qathaas,"Graduate Student Organizations , Haas MBA RSO",
Quadball League at Berkeley (formerly Quidditch League) 💙,https://callink.berkeley.edu/organization/quadballleague,calquidditch,"ASUC Sponsored 2026-27-Student Activity Groups, Recreational Student Organizations, Undergraduate Organizations, ABSA-Allocated Hearst Storage , Blue Heart Initiative Category",
Quantum Computing at Berkeley 💙,https://callink.berkeley.edu/organization/qcb,qcberkeley,"ASUC Sponsored 2026-27-Student Activity Groups, Professional Student Organizations, Undergraduate Organizations, Blue Heart Initiative Category",
Queeks,https://callink.berkeley.edu/organization/queeks,calqueeks,CalGreeks Fraternity & Sorority Affinity Groups,
Queer Alliance & Resource Center,https://callink.berkeley.edu/organization/qarc,ucbqarc,"ASUC Sponsored 2026-27-Student Activity Groups, ASUC Sponsored 2026-27-Student Initiated Service Groups, Undergraduate Organizations, LGBTQ+ Student Organizations, ABSA-Allocated Hearst Storage , ABSA - Budgeted over $7500 Organizations",
Queer Caucus,https://callink.berkeley.edu/organization/qc,berkeleylawqc,LGBTQ+ Student Organizations,
Queer Grads 💙,https://callink.berkeley.edu/organization/queergrads,,"LGBTQ+ Student Organizations, Blue Heart Initiative Category",
Queers in Computer Science and Engineering 💙,https://callink.berkeley.edu/organization/queersincomputerscienceandengineering,,"Engineering/Computer Science Student Organizations , Undergraduate Organizations, Blue Heart Initiative Category",
qui parle: Critical Humanities and Social Sciences,https://callink.berkeley.edu/organization/quiparle,,Graduate Student Organizations ,
Ra-On,https://callink.berkeley.edu/organization/raon,raon.cal,"ASUC Sponsored 2026-27-Student Activity Groups, Performing Arts Student Organizations, Undergraduate Organizations, ABSA-Allocated Hearst Storage ",
Raas Ramzat,https://callink.berkeley.edu/organization/raasramzat,ucb.raasramzat,"ASUC Sponsored 2026-27-Student Activity Groups, Performing Arts Student Organizations, Undergraduate Organizations, ABSA-Allocated Hearst Storage ",
Radiance College East Bay (formerly known as Seed College Ministry at Berkeley) 💙,https://callink.berkeley.edu/organization/radiancecollegeeastbay,radiance.college_eb,"Spiritual Student Organizations, Undergraduate Organizations, Blue Heart Initiative Category",
Raíces Recruitment and Retention Center,https://callink.berkeley.edu/organization/raicesrrc,theraicescenter,"RRC - Recruitment & Retention Center, Undergraduate Organizations",
"REACH! Asian and Asian Diaspora Recruitment and Retention Center (formerly known as ""REACH! Asian Pacific American RRC"")",https://callink.berkeley.edu/organization/reachrrc,cal.reach,"RRC - Recruitment & Retention Center, Undergraduate Organizations",
Real Talk Buddies,https://callink.berkeley.edu/organization/realtalkbuddies,,Graduate Student Organizations ,
Redline at Berkeley,https://callink.berkeley.edu/organization/redlineatberkeley,redlineatberkeley,"Political & Advocacy Student Organizations, Undergraduate Organizations",
Redwoods at Haas 💙,https://callink.berkeley.edu/organization/haasredwoods,redwoods_haas,"Graduate Student Organizations , Haas MBA RSO, Blue Heart Initiative Category",
Reformed University Fellowship 💙,https://callink.berkeley.edu/organization/ruf,rufberkeley,"Spiritual Student Organizations, Undergraduate Organizations, Blue Heart Initiative Category",
Regents' and Chancellor's Scholars Association,https://callink.berkeley.edu/organization/rcsa,calrcsa,"ASUC Sponsored 2026-27-Student Activity Groups, Academic Student Organizations, Undergraduate Organizations",
Research Experience Pathways,https://callink.berkeley.edu/organization/researchexperiencepathways,,"Professional Student Organizations, Undergraduate Organizations",
ReUSE,https://callink.berkeley.edu/organization/reuse,reuse_berkeley,"Environmental & Sustainability Student Organizations, Undergraduate Organizations, ABSA-Allocated MLK Space",
REVERB,https://callink.berkeley.edu/organization/reverb,reverbberkeley,"Professional Student Organizations, Undergraduate Organizations",
ReviveR,https://callink.berkeley.edu/organization/reviver,reviver25,"ASUC Sponsored 2026-27-Student Activity Groups, Environmental & Sustainability Student Organizations",
Rhythm at Berkeley 💙,https://callink.berkeley.edu/organization/rhythm,,"Recreational Student Organizations, Undergraduate Organizations, Blue Heart Initiative Category",
Rocket League at Berkeley,https://callink.berkeley.edu/organization/rocketleague,rl_berkeley,"Recreational Student Organizations, Undergraduate Organizations",
Romanians at Berkeley 💙,https://callink.berkeley.edu/organization/romaniansatberkeley,romaniansatberkeley,"Undergraduate Organizations, Cultural & Identity/Cultural & Ethnic Student Organizations, Blue Heart Initiative Category",
Room One Thousand,https://callink.berkeley.edu/organization/roomonethousand,roomonethousand,Graduate Student Organizations ,
Roots Consulting,https://callink.berkeley.edu/organization/rootsconsulting,calrootsconsulting,"ASUC Sponsored 2026-27-Student Activity Groups, Professional Student Organizations",
Russian Speaking Student Association 💙,https://callink.berkeley.edu/organization/russianclubthe,rssa_cal,"ASUC Sponsored 2026-27-Student Activity Groups, Cultural & Identity/International Student Organizations, Undergraduate Organizations, Blue Heart Initiative Category",
SAAS (Student Association for Applied Statistics) [Formerly SAAS],https://callink.berkeley.edu/organization/saas,saasberkeley,"Professional Student Organizations, Undergraduate Organizations",
Sage Mentorship,https://callink.berkeley.edu/organization/sagementorshipproject,sagementorship,"ASUC Sponsored 2026-27-Student Initiated Service Groups, Service Student Organizations, Undergraduate Organizations, Blue Heart Initiative Category",
Salsa at Cal,https://callink.berkeley.edu/organization/salsadance,salsaatcalberkeley,"Recreational Student Organizations, Undergraduate Organizations",
Saudi Arabian Association at Berkeley,https://callink.berkeley.edu/organization/saab,berkeley.saab,"ASUC Sponsored 2026-27-Student Activity Groups, Cultural & Identity/International Student Organizations, Undergraduate Organizations",
Saving Hearts Foundation at Berkeley,https://callink.berkeley.edu/organization/savingheartsfoundation,ucbhearts,Service Student Organizations,
SBC Strategy Consulting [Formerly known as Seed Base Consulting],https://callink.berkeley.edu/organization/sbcstrategyconsulting,sbcberkeley,"ASUC Sponsored 2026-27-Student Activity Groups, Professional Student Organizations, Undergraduate Organizations",
Scholars of Finance,https://callink.berkeley.edu/organization/scholarsoffinance,sof.berkeley,"Professional Student Organizations, Undergraduate Organizations",
School of Education Graduate Coalition 💙,https://callink.berkeley.edu/organization/segc,,"Graduate Student Organizations , Blue Heart Initiative Category",
School Psychology Student Association,https://callink.berkeley.edu/organization/spsa,ucberkeley_schoolpsych,Graduate Student Organizations ,
Science Fiction and Fantasy Short Story Workshop 💙,https://callink.berkeley.edu/organization/sffww,sffwwb,"ASUC Sponsored 2026-27-Publication Groups, Media & Publication Student Organizations, Undergraduate Organizations, Blue Heart Initiative Category",
Science Olympiad at Berkeley 💙,https://callink.berkeley.edu/organization/bso,goldengatescioly,"Service Student Organizations, Undergraduate Organizations, Blue Heart Initiative Category",
Science Policy Group at Berkeley,https://callink.berkeley.edu/organization/spgberkeley,,Graduate Student Organizations ,
SCUBA at Berkeley 💙,https://callink.berkeley.edu/organization/scuba,smcatberkeley,"ASUC Sponsored 2026-27-Student Activity Groups, Recreational Student Organizations, Undergraduate Organizations, ABSA-Allocated Hearst Storage , Blue Heart Initiative Category",
SDG Undergraduate Research Group,https://callink.berkeley.edu/organization/sdgundergradresearch,surg.berkeley,"ASUC Sponsored 2026-27-Student Activity Groups, Environmental & Sustainability Student Organizations, Undergraduate Organizations",
SEA Business Collective at Berkeley,https://callink.berkeley.edu/organization/seabusinesscollectiveatberkeley,cal_seabc,"Cultural & Identity/International Student Organizations, Professional Student Organizations",
SEAONC at Berkeley,https://callink.berkeley.edu/organization/seaonc,,Graduate Student Organizations ,
"SEEDS: Strategies for Ecology, Education, Diversity, and Sustainability",https://callink.berkeley.edu/organization/seeds,seedsberkeley,"Environmental & Sustainability Student Organizations, Undergraduate Organizations",
Sexual Orientation & Gender Advocacy (GA Project),https://callink.berkeley.edu/organization/qtap,,GA Government Offices,
Shakespeare Society of Berkeley,https://callink.berkeley.edu/organization/shakespearesociety,shakespearesocberkeley,"ASUC Sponsored 2026-27-Student Activity Groups, Media & Publication Student Organizations, Undergraduate Organizations",
Shifa Society (formerly known as Association for Muslim Professional Development),https://callink.berkeley.edu/organization/shifasociety,,"ASUC Sponsored 2026-27-Student Activity Groups, Professional Student Organizations, Undergraduate Organizations",
Sigma Alpha Nu,https://callink.berkeley.edu/organization/sigmaalphanu,sigmaalphanu,"ASUC Sponsored 2026-27-Student Activity Groups, Professional Student Organizations, Undergraduate Organizations, ABSA-Allocated Hearst Storage ",
Sigma Epsilon Omega,https://callink.berkeley.edu/organization/sigmaepsilonomegafraternity,sigmaepsilonomega,CalGreeks Multicultural Greek Council (MCGC) Fraternities & Sororities,
"Sigma Gamma Rho Sorority, Inc.",https://callink.berkeley.edu/organization/sigmagammarho,betapsichapter1958,CalGreeks National Pan-Hellenic Council (NPHC) Fraternities & Sororities,
Sigma Kappa,https://callink.berkeley.edu/organization/sigmakappa,calsigmakappa,CalGreeks Panhellenic Council (PHC) Sororities,
Sigma Mu Delta,https://callink.berkeley.edu/organization/sigma_mu_delta,berkeleysmd,"Professional Student Organizations, Undergraduate Organizations",
Sigma Omicron Pi,https://callink.berkeley.edu/organization/sigmaomicronpi,berkeleysopi,CalGreeks Multicultural Greek Council (MCGC) Fraternities & Sororities,
Sigma Phi Epsilon,https://callink.berkeley.edu/organization/sigmaphiepsilon,calsigep,CalGreeks Interfraternity Council (IFC) Fraternities,
"Sigma Psi Zeta Sorority, Inc.",https://callink.berkeley.edu/organization/sigmapsizeta,berkeley.syz,CalGreeks Multicultural Greek Council (MCGC) Fraternities & Sororities,
Sikh Students Association,https://callink.berkeley.edu/organization/ucbssa,ucbssa,"ASUC Sponsored 2026-27-Student Initiated Service Groups, Undergraduate Organizations, Cultural & Identity/Cultural & Ethnic Student Organizations, ABSA-Allocated Hearst Storage ",
Silver Wings,https://callink.berkeley.edu/organization/silverwings,,Service Student Organizations,
Singapore Student Association 💙,https://callink.berkeley.edu/organization/ssa,ssaberkeley,"ASUC Sponsored 2026-27-Student Activity Groups, Cultural & Identity/International Student Organizations, Undergraduate Organizations, Blue Heart Initiative Category",
Skateboarding at Berkeley,https://callink.berkeley.edu/organization/skateboardingatberkeley,ucberkeleyskate,"Recreational Student Organizations, Undergraduate Organizations",
"Smart Ass, The 💙",https://callink.berkeley.edu/organization/smartass,,"ASUC Sponsored 2026-27-Publication Groups, Media & Publication Student Organizations, Undergraduate Organizations, Blue Heart Initiative Category",
SNAPkids at Berkeley,https://callink.berkeley.edu/organization/snapkidsberkeley,snapkidsatberkeley,"ASUC Sponsored 2026-27-Student Initiated Service Groups, Service Student Organizations, Undergraduate Organizations",
Social Welfare Association for the Greater Good,https://callink.berkeley.edu/organization/swagg,berkeleyswagg,"ASUC Sponsored 2026-27-Student Activity Groups, Academic Student Organizations, Undergraduate Organizations",
Society of Engineering Sciences 💙,https://callink.berkeley.edu/organization/societyofengineeringsciences,berkeley_ses,"Engineering/Computer Science Student Organizations , Undergraduate Organizations, Blue Heart Initiative Category",
"Society of Engineers, Scientists, and Entrepreneurs",https://callink.berkeley.edu/organization/societyofengineersscientistsandentrepreneur,,"ASUC Sponsored 2026-27-Student Activity Groups, Professional Student Organizations, Undergraduate Organizations",
Society of Linguistics Undergraduate Students,https://callink.berkeley.edu/organization/slugs,calslugs,"ASUC Sponsored 2026-27-Student Activity Groups, Academic Student Organizations, Undergraduate Organizations",
Society of Physics Students at Berkeley 💙,https://callink.berkeley.edu/organization/sps,sps_berkeley,"ASUC Sponsored 2026-27-Student Activity Groups, Academic Student Organizations, Undergraduate Organizations, Blue Heart Initiative Category",
Society of Women Engineers 💙,https://callink.berkeley.edu/organization/societyofwomenengineers,ucb_swe,"Engineering/Computer Science Student Organizations , Undergraduate Organizations, Blue Heart Initiative Category",
Society of Women in Physical Sciences 💙,https://callink.berkeley.edu/organization/societyofwomeninphysicalsciences,swps_berkeley,"ASUC Sponsored 2026-27-Student Activity Groups, Academic Student Organizations, Undergraduate Organizations, Blue Heart Initiative Category",
Sociologists of Color & Allies at Berkeley,https://callink.berkeley.edu/organization/sociologistsofcolorandallies,,Graduate Student Organizations ,
Sociology Graduate Student Association at Berkeley,https://callink.berkeley.edu/organization/gasociologygraduatestudentworkshop,,Graduate Student Organizations ,
Sociology Graduate Student Workshop,https://callink.berkeley.edu/organization/sociologygraduatestudentworkshop,,Graduate Student Organizations ,
SOON Movement Global 💙,https://callink.berkeley.edu/organization/soonmovementglobal,berkeleysoon,"Spiritual Student Organizations, Undergraduate Organizations, Blue Heart Initiative Category",
South Asian Business Association 💙,https://callink.berkeley.edu/organization/southasianbusinessassociation,saba.haas,"Graduate Student Organizations , Haas MBA RSO, Blue Heart Initiative Category",
South Asian Law Students Association,https://callink.berkeley.edu/organization/berkeleysalsa,berkeleysalsa,Graduate Student Organizations ,
South Indian Cinema Club at Berkeley,https://callink.berkeley.edu/organization/southindiancinema,berkeleysicc,"ASUC Sponsored 2026-27-Student Activity Groups, Arts Student Organizations",
South Indian Society,https://callink.berkeley.edu/organization/southindiansociety,ucbsouthindiansociety,"ASUC Sponsored 2026-27-Student Activity Groups, Cultural & Identity/International Student Organizations, Undergraduate Organizations, ABSA-Allocated Hearst Storage ",
Southeast Asia Graduate Working Group at Berkeley,https://callink.berkeley.edu/organization/southeastasiagradworkinggroup,,Graduate Student Organizations ,
Southeast Asian Caucus of Berkeley,https://callink.berkeley.edu/organization/southeastasiancaucus,calseacaucus,Political & Advocacy Student Organizations,
Southeast Asian Mentorship,https://callink.berkeley.edu/organization/southeastasianmentorship,ucbseam,"ASUC Sponsored 2026-27-Student Initiated Service Groups, Service Student Organizations, Undergraduate Organizations",
Southeast Asian Student Coalition,https://callink.berkeley.edu/organization/sasc,ucbsasc,"ASUC Sponsored 2026-27-Student Initiated Service Groups, Undergraduate Organizations, Cultural & Identity/Cultural & Ethnic Student Organizations, ABSA-Allocated Hearst Storage , Blue Heart Initiative Category",
Space Enterprise at Berkeley 💙,https://callink.berkeley.edu/organization/seberkeley,seberkeley,"ASUC Sponsored 2026-27-Student Activity Groups, Engineering/Computer Science Student Organizations , Undergraduate Organizations, Blue Heart Initiative Category",
Space Technologies and Rocketry 💙,https://callink.berkeley.edu/organization/star,_calstar,"ASUC Sponsored 2026-27-Student Activity Groups, Engineering/Computer Science Student Organizations , Undergraduate Organizations, Blue Heart Initiative Category",
Space Technologies at California,https://callink.berkeley.edu/organization/stac,,"ASUC Sponsored 2026-27-Student Activity Groups, Engineering/Computer Science Student Organizations , Undergraduate Organizations, ABSA-Allocated ESH Storage",
Speaker Series: India at Berkeley,https://callink.berkeley.edu/organization/speakerseriesindiaatberkeley,speakerseries_cal,"Cultural & Identity/International Student Organizations, Undergraduate Organizations",
Speech at Berkeley 💙,https://callink.berkeley.edu/organization/speech,,"Academic Student Organizations, Undergraduate Organizations, Blue Heart Initiative Category",
Splash at Berkeley 💙,https://callink.berkeley.edu/organization/splash,splash.berkeley,"Service Student Organizations, Undergraduate Organizations, Blue Heart Initiative Category",
Splatoon at Berkeley 💙,https://callink.berkeley.edu/organization/splatoonatberkeley,splatoonatberkeley,"Recreational Student Organizations, Undergraduate Organizations, Blue Heart Initiative Category",
Spoon University at Berkeley,https://callink.berkeley.edu/organization/spoonuniversity,spoon_berkeley,"ASUC Sponsored 2026-27-Publication Groups, Media & Publication Student Organizations, Undergraduate Organizations",
Sports Analytics Group at Berkeley,https://callink.berkeley.edu/organization/sagb,sportsanalyticsberkeley,"ASUC Sponsored 2026-27-Student Activity Groups, Professional Student Organizations, Undergraduate Organizations",
Spring Foundation,https://callink.berkeley.edu/organization/springfoundation,springfoundation_berkeley,"ASUC Sponsored 2026-27-Student Activity Groups, Service Student Organizations, Undergraduate Organizations",
Squash at Berkeley,https://callink.berkeley.edu/organization/calmenssquash,calsquash,,
Sri Lankans at Berkeley,https://callink.berkeley.edu/organization/slab,cal.slab,"ASUC Sponsored 2026-27-Student Activity Groups, Cultural & Identity/International Student Organizations, Undergraduate Organizations, ABSA-Allocated Hearst Storage ",
Standup Comedy (at Berkeley) 💙,https://callink.berkeley.edu/organization/standupcomedyatberkeley,standupatcal,"ASUC Sponsored 2026-27-Student Activity Groups, Performing Arts Student Organizations, Undergraduate Organizations, Blue Heart Initiative Category",
Statistics Graduate Students Association,https://callink.berkeley.edu/organization/gastatisticsgraduatestudentassociation,,Graduate Student Organizations ,
Steel Bridge Competition Team 💙,https://callink.berkeley.edu/organization/steelbridge,calsteelbridge,"Engineering/Computer Science Student Organizations , Undergraduate Organizations, Blue Heart Initiative Category",
Stiles Hall 💙,https://callink.berkeley.edu/organization/stileshall,stiles_hall,"Service Student Organizations, Undergraduate Organizations, Blue Heart Initiative Category",
STS Working Group,https://callink.berkeley.edu/organization/stswg,,Graduate Student Organizations ,
Student American Academy of Optometry,https://callink.berkeley.edu/organization/saao,ucbso.saao,Graduate Student Organizations ,
Student Assistance for Public Health at Berkeley,https://callink.berkeley.edu/organization/staph,,Service Student Organizations,
Student Association for Environmental Justice 💙,https://callink.berkeley.edu/organization/sa-ejhe,saejhe.berkeley,"Environmental & Sustainability Student Organizations, Undergraduate Organizations, Blue Heart Initiative Category",
Student Food Collective,https://callink.berkeley.edu/organization/bsfc,bsfcollective,"ASUC Sponsored 2026-27-Student Activity Groups, Environmental & Sustainability Student Organizations, Undergraduate Organizations",
Student Human Resources Association at Berkeley (formerly known as Human Capital Group),https://callink.berkeley.edu/organization/studentshumanresourceassociation,shrmberkeley,"Professional Student Organizations, Undergraduate Organizations",
Student Nutrition Advocacy Club,https://callink.berkeley.edu/organization/snac,ucbsnac,"ASUC Sponsored 2026-27-Student Activity Groups, Academic Student Organizations, Undergraduate Organizations",
Student Organic Gardening Association 💙,https://callink.berkeley.edu/organization/berkeleystudentfarms,berkeleystudentfarms,"ASUC Sponsored 2026-27-Student Activity Groups, Environmental & Sustainability Student Organizations, Undergraduate Organizations, Blue Heart Initiative Category",
Student Organization for Advanced Legal Studies,https://callink.berkeley.edu/organization/callinkberkeleyedu,,Graduate Student Organizations ,
Student Parent Food Donations Program,https://callink.berkeley.edu/organization/fooddonationsprogram,,"Service Student Organizations, Undergraduate Organizations",
Student Policy Institute at Berkeley,https://callink.berkeley.edu/organization/rooseveltnetworkatberkeley,spiberkeley,"ASUC Sponsored 2026-27-Student Activity Groups, Political & Advocacy Student Organizations, Undergraduate Organizations",
Student to Student Peer Counseling,https://callink.berkeley.edu/organization/studenttostudentpeercounseling,sspcberkeley,"ASUC Sponsored 2026-27-Student Initiated Service Groups, Service Student Organizations, Undergraduate Organizations, ABSA-Allocated ESH Storage",
Students for Abundance at Berkeley,https://callink.berkeley.edu/organization/studentsforabundanceatberkeley,berkeleyabundance,,
Students for Comprehensive Healthcare (formerly Coalition of Concerned Medical Professionals at Berkeley) 💙,https://callink.berkeley.edu/organization/studentscomprehensivehealthcare,schberkeley,"ASUC Sponsored 2026-27-Student Initiated Service Groups, Service Student Organizations, Undergraduate Organizations, ABSA-Allocated Hearst Storage , Blue Heart Initiative Category",
Students for International Labor Solidarity,https://callink.berkeley.edu/organization/studentsintllaborsolidarityberkeley,silsucb,"Political & Advocacy Student Organizations, Undergraduate Organizations",
Students for Israeli Medical Care and Health Aid (formerly known as JMed: The Jewish Pre-Medical Network at Berkeley),https://callink.berkeley.edu/organization/simcha,,"Academic Student Organizations, Undergraduate Organizations",
Students for Justice in Palestine,https://callink.berkeley.edu/organization/sjp,ucb.sjp,"Political & Advocacy Student Organizations, Undergraduate Organizations",
Students for Life at Berkeley 💙,https://callink.berkeley.edu/organization/berkeleystudentsforlife,sfl_berkeley,"ASUC Sponsored 2026-27-Student Activity Groups, Political & Advocacy Student Organizations, Undergraduate Organizations, Blue Heart Initiative Category",
Students for Sexual and Reproductive Freedom 💙,https://callink.berkeley.edu/organization/ssrfucb,ssrfucb,"ASUC Sponsored 2026-27-Student Activity Groups, Political & Advocacy Student Organizations, Undergraduate Organizations, ABSA-Allocated ESH Storage, Blue Heart Initiative Category",
Students for STEM Education & Equity at Berkeley,https://callink.berkeley.edu/organization/studentsforstemeducationequity,,"Academic Student Organizations, Undergraduate Organizations",
Students of Applied Science and Technology,https://callink.berkeley.edu/organization/studentsofast,,Graduate Student Organizations ,
Students of Color Environmental Collective 💙,https://callink.berkeley.edu/organization/scec,scec_berkeley,"Environmental & Sustainability Student Organizations, Undergraduate Organizations, Blue Heart Initiative Category",
Students of Color in Public Policy 💙,https://callink.berkeley.edu/organization/scipp,scipp_gspp,"Graduate Student Organizations , Blue Heart Initiative Category",
Students Supporting Israel at Berkeley,https://callink.berkeley.edu/organization/ssi,,,
Students vs Pandemics at Berkeley 💙,https://callink.berkeley.edu/organization/studentsvspandemics,berkeleysvp,"ASUC Sponsored 2026-27-Student Activity Groups, Service Student Organizations, Undergraduate Organizations, ABSA-Allocated Hearst Storage , Blue Heart Initiative Category",
Stunt Space at Berkeley,https://callink.berkeley.edu/organization/stuntspace,,"ASUC Sponsored 2026-27-Student Activity Groups, Recreational Student Organizations",
Suitcase Clinic,https://callink.berkeley.edu/organization/suitcaseclinic,thesuitcaseclinic,"ASUC Sponsored 2026-27-Student Initiated Service Groups, Service Student Organizations, Undergraduate Organizations, ABSA-Allocated Hearst Storage ",
Surfrider Foundation Club in Berkeley 💙,https://callink.berkeley.edu/organization/surfriderfoundationclub,calsurfrider,"Environmental & Sustainability Student Organizations, Undergraduate Organizations, Blue Heart Initiative Category",
Sustainable Entrepreneurship at Berkeley,https://callink.berkeley.edu/organization/sustainableentrepreneurshipatberkeley,seab.berkeley,"ASUC Sponsored 2026-27-Student Activity Groups, Professional Student Organizations, Undergraduate Organizations",
Sustainable Housing at California,https://callink.berkeley.edu/organization/shac,calshac,"ASUC Sponsored 2026-27-Student Activity Groups, Environmental & Sustainability Student Organizations, Undergraduate Organizations",
Swim Club at Berkeley 💙,https://callink.berkeley.edu/organization/swimclubatberkeley,swimatberk,"Recreational Student Organizations, Undergraduate Organizations, Blue Heart Initiative Category",
Syrian Student Union,https://callink.berkeley.edu/organization/syrianstudentunion,,"ASUC Sponsored 2026-27-Student Activity Groups, Undergraduate Organizations, Cultural & Identity/Cultural & Ethnic Student Organizations",
T-Cal,https://callink.berkeley.edu/organization/tasc,,"Undergraduate Organizations, LGBTQ+ Student Organizations",
T.I.n.Y. Chinese Theatre Group,https://callink.berkeley.edu/organization/tiny,tiny_at_berkeley,"ASUC Sponsored 2026-27-Student Activity Groups, Performing Arts Student Organizations, Undergraduate Organizations",
Taiwanese Student Association 💙,https://callink.berkeley.edu/organization/taiwanesestudentassociation,berkeleytsa,"ASUC Sponsored 2026-27-Student Activity Groups, Cultural & Identity/International Student Organizations, Undergraduate Organizations, ABSA-Allocated MLK Space, ABSA-Allocated Hearst Storage , Blue Heart Initiative Category",
TAMID Group,https://callink.berkeley.edu/organization/tamid,tamidberkeley,"ASUC Sponsored 2026-27-Student Activity Groups, Professional Student Organizations, Undergraduate Organizations, ABSA-Allocated Hearst Storage ",
TASSEL at Berkeley 💙,https://callink.berkeley.edu/organization/tasselatberkeley,caltassel,"Service Student Organizations, Undergraduate Organizations, Blue Heart Initiative Category",
Tau Beta Pi,https://callink.berkeley.edu/organization/taubetapi,cal.tbp,"Engineering/Computer Science Student Organizations , Undergraduate Organizations",
Tau Kappa Epsilon,https://callink.berkeley.edu/organization/taukappaepsilon,caltke,CalGreeks Interfraternity Council (IFC) Fraternities,
Taylor Swift Society of Berkeley 💙,https://callink.berkeley.edu/organization/tsoc,swiftiesofucberkeley,"ASUC Sponsored 2026-27-Student Activity Groups, Recreational Student Organizations, Undergraduate Organizations, ABSA-Allocated Hearst Storage , Blue Heart Initiative Category",
TBD Comedy,https://callink.berkeley.edu/organization/tbdcomedy,tbdcomedyy,"ASUC Sponsored 2026-27-Student Activity Groups, Performing Arts Student Organizations, Undergraduate Organizations",
Teach in Prison,https://callink.berkeley.edu/organization/teachinprison,teachinprisonucb,"ASUC Sponsored 2026-27-Student Initiated Service Groups, Service Student Organizations, Undergraduate Organizations, Black/African American Student Community",
Team HBV at Berkeley,https://callink.berkeley.edu/organization/teamhbv,,"Service Student Organizations, Undergraduate Organizations",
Telegraph for People 💙,https://callink.berkeley.edu/organization/telegraphforpeople,telegraphforpeople,"ASUC Sponsored 2026-27-Student Activity Groups, Political & Advocacy Student Organizations, Undergraduate Organizations, ABSA-Allocated Hearst Storage , Blue Heart Initiative Category",
Temporary Signatory Pending Final Org Assignment,https://callink.berkeley.edu/organization/temporarysignatories,bearlabs_cal,,
Tether Dance Company,https://callink.berkeley.edu/organization/tetherdancecompany,tetherdanceco,"Service Student Organizations, Undergraduate Organizations",
"Texas Club at Berkeley Law, The",https://callink.berkeley.edu/organization/texascluabatberkeleylaw,,Graduate Student Organizations ,
Thai American Cultural Association 💙,https://callink.berkeley.edu/organization/thai-american-cultural-association,cal_taca,"ASUC Sponsored 2026-27-Student Activity Groups, Undergraduate Organizations, Cultural & Identity/Cultural & Ethnic Student Organizations, ABSA-Allocated ESH Storage, Blue Heart Initiative Category",
The 510,https://callink.berkeley.edu/organization/510,_the510,"ASUC Sponsored 2026-27-Student Activity Groups, Performing Arts Student Organizations, Undergraduate Organizations",
The Beauty Hub at Berkeley 💙,https://callink.berkeley.edu/organization/thebeautyhub,theberkeleybeautyhub,"Service Student Organizations, Undergraduate Organizations, Blue Heart Initiative Category",
"The Berkeley Forum (Formerly known as Berkeley Forum, The)",https://callink.berkeley.edu/organization/theberkeleyforum,berkeleyforum,"ASUC Sponsored 2026-27-Student Activity Groups, Academic Student Organizations, Undergraduate Organizations, ABSA-Allocated Hearst Storage , ABSA - Budgeted over $7500 Organizations",
The Berkeley Group,https://callink.berkeley.edu/organization/theberkeleygroup,theberkeleygroup,"ASUC Sponsored 2026-27-Student Initiated Service Groups, Professional Student Organizations, Undergraduate Organizations",
The Berkeley Project,https://callink.berkeley.edu/organization/berkeleyproject,theberkeleyproject,"ASUC Sponsored 2026-27-Student Initiated Service Groups, Service Student Organizations, Undergraduate Organizations",
The California Review,https://callink.berkeley.edu/organization/tcr,thecaliforniareview,"Media & Publication Student Organizations, Undergraduate Organizations",
The Compass Project,https://callink.berkeley.edu/organization/thecompassproject,,Graduate Student Organizations ,
The Cubby,https://callink.berkeley.edu/organization/thecubby,cubbyberkeley,"ASUC Sponsored 2026-27-Student Initiated Service Groups, Service Student Organizations, Undergraduate Organizations",
The Eclipse Group,https://callink.berkeley.edu/organization/theeclipsegroup,,"Academic Student Organizations, Professional Student Organizations",
The Rebel Alliance of California 💙,https://callink.berkeley.edu/organization/trac,cal_rebel_alliance,"Recreational Student Organizations, Undergraduate Organizations, Blue Heart Initiative Category",
The Wardroom,https://callink.berkeley.edu/organization/thewardroom,nrotc_ucb,"ASUC Sponsored 2026-27-Student Activity Groups, Academic Student Organizations, Undergraduate Organizations",
The Wildlife Society at Berkeley 💙,https://callink.berkeley.edu/organization/wildlifesociety,calwildlifesociety,"ASUC Sponsored 2026-27-Student Activity Groups, Professional Student Organizations, Undergraduate Organizations, Blue Heart Initiative Category",
Theater for Charity 💙,https://callink.berkeley.edu/organization/theaterforcharity,theater4charity,"ASUC Sponsored 2026-27-Student Activity Groups, Performing Arts Student Organizations, Undergraduate Organizations, ABSA-Allocated Hearst Storage , Blue Heart Initiative Category",
Theta Chi,https://callink.berkeley.edu/organization/thetachi,cal.thetachi,CalGreeks Interfraternity Council (IFC) Fraternities,
Theta Delta Chi,https://callink.berkeley.edu/organization/thetadeltachi,,CalGreeks Interfraternity Council (IFC) Fraternities,
Theta Tau,https://callink.berkeley.edu/organization/thetatauberkeley,thetatauberkeley,"ASUC Sponsored 2026-27-Student Activity Groups, Professional Student Organizations, Undergraduate Organizations",
Thrive Dance Company,https://callink.berkeley.edu/organization/thrivedancecompany,thrivedancecompany,"Performing Arts Student Organizations, Undergraduate Organizations",
Tikvah,https://callink.berkeley.edu/organization/tikvah,,"Political & Advocacy Student Organizations, Undergraduate Organizations",
Timber Strong at Berkeley,https://callink.berkeley.edu/organization/timberstrongatberkeley,berkeley_timberstrong,"ASUC Sponsored 2026-27-Student Activity Groups, Service Student Organizations, Undergraduate Organizations",
To An Unknown God,https://callink.berkeley.edu/organization/taug,taug_journal,"ASUC Sponsored 2026-27-Publication Groups, Media & Publication Student Organizations, Undergraduate Organizations",
Toastmasters on Campus 💙,https://callink.berkeley.edu/organization/toastmasters,tmocberkeley,"Graduate Student Organizations , Blue Heart Initiative Category",
Toxicology Student Association of Berkeley 💙,https://callink.berkeley.edu/organization/toxsa,berkeleytoxsa,"Professional Student Organizations, Undergraduate Organizations, Blue Heart Initiative Category",
Traders at Berkeley,https://callink.berkeley.edu/organization/traders,tradersatberkeley,"Professional Student Organizations, Undergraduate Organizations",
Trans & Gender-Diverse Advocacy (GA Project),https://callink.berkeley.edu/organization/tgda,,GA Government Offices,
TransferMD@Berkeley 💙,https://callink.berkeley.edu/organization/transfermd,berkeleytransfermd,"ASUC Sponsored 2026-27-Student Activity Groups, Professional Student Organizations, Undergraduate Organizations, ABSA-Allocated Hearst Storage , Blue Heart Initiative Category",
Transfers at Berkeley Law 💙,https://callink.berkeley.edu/organization/transfersatberkeleylaw,,"Graduate Student Organizations , Blue Heart Initiative Category",
Transportation Graduate Students Organizing Committee 💙,https://callink.berkeley.edu/organization/transoc,transocberkeley,"Graduate Student Organizations , Blue Heart Initiative Category",
Transportation Team at Berkeley 💙,https://callink.berkeley.edu/organization/transpo,,ASUC Sponsored 2026-27-Student Activity Groups,
Transylvanian Temptations 💙,https://callink.berkeley.edu/organization/transylvaniantemptations,rhpsberkeley,"Performing Arts Student Organizations, Undergraduate Organizations, Blue Heart Initiative Category",
Tri-Service Corps of Cadets 💙,https://callink.berkeley.edu/organization/triservicecorpsofcadets,,"ASUC Sponsored 2026-27-Student Activity Groups, Academic Student Organizations, Undergraduate Organizations, Blue Heart Initiative Category",
TrueLement,https://callink.berkeley.edu/organization/truelement,truelementcal,"ASUC Sponsored 2026-27-Student Activity Groups, Performing Arts Student Organizations, Undergraduate Organizations",
Turkish Student Association at Berkeley,https://callink.berkeley.edu/organization/turkishstudentassociation,ucberkeley_tsa,"Cultural & Identity/International Student Organizations, Undergraduate Organizations",
Turning Point USA at Berkeley 💙,https://callink.berkeley.edu/organization/turningpointusaatberkeley,tpberkeley,"Political & Advocacy Student Organizations, Blue Heart Initiative Category",
U.S. Association for Computational Mechanics at Berkeley,https://callink.berkeley.edu/organization/compmechanicsberkeley,,,
UC Berkeley Model United Nations,https://callink.berkeley.edu/organization/ucbmun,ucbmun,"ASUC Sponsored 2026-27-Student Activity Groups, OASIS Sponsored Organization, Undergraduate Organizations, ABSA-Allocated Hearst Storage , ABSA - Budgeted over $7500 Organizations",
UC Berkeley Student Union Board,https://callink.berkeley.edu/organization/suboard,,ASUC Government Offices,
UC Jazz Ensemble,https://callink.berkeley.edu/organization/ucjazz,ucjazz,"ASUC Sponsored 2026-27-Student Activity Groups, Performing Arts Student Organizations, Undergraduate Organizations",
UC Rally Committee 💙,https://callink.berkeley.edu/organization/ucrc,rallycomm,"ASUC Sponsored 2026-27-Student Activity Groups, Recreational Student Organizations, OASIS Sponsored Organization, Undergraduate Organizations, ABSA-Allocated Hearst Storage , ABSA - Budgeted over $7500 Organizations, Blue Heart Initiative Category",
Undergraduate Astronomy Society - Berkeley 💙,https://callink.berkeley.edu/organization/uas,uasberkeley,"Academic Student Organizations, Undergraduate Organizations, Blue Heart Initiative Category",
Undergraduate Biotech Association 💙,https://callink.berkeley.edu/organization/biotechassociation,cal_undergradbiotech,"ASUC Sponsored 2026-27-Student Activity Groups, Professional Student Organizations, Undergraduate Organizations, Blue Heart Initiative Category",
Undergraduate Business Group,https://callink.berkeley.edu/organization/berkeleyubg,ubgberkeley,"Professional Student Organizations, Undergraduate Organizations",
Undergraduate Finance Association|Undergraduate Management Consulting Group,https://callink.berkeley.edu/organization/ufa_umcg,ufaumcg,"Professional Student Organizations, Undergraduate Organizations",
Undergraduate Law Review at Berkeley,https://callink.berkeley.edu/organization/undergraduatelawreviewatberkeley,undergradlawreview,"Media & Publication Student Organizations, Undergraduate Organizations",
Undergraduate Legal Honors Society (Formerly Law in Practice at Berkeley) 💙,https://callink.berkeley.edu/organization/undergraduatelegalhonorssociety,ucberkeleyulhs,"Professional Student Organizations, Undergraduate Organizations, Blue Heart Initiative Category",
Undergraduate Marketing Association,https://callink.berkeley.edu/organization/undergraduatemarketingassociation,uma.cal,"ASUC Sponsored 2026-27-Student Activity Groups, Professional Student Organizations, Undergraduate Organizations",
Undergraduate Moot Court Team,https://callink.berkeley.edu/organization/mootcourt,berkeleymootcourt,"ASUC Sponsored 2026-27-Student Activity Groups, Professional Student Organizations, Undergraduate Organizations",
Undergraduate Political Science Association 💙,https://callink.berkeley.edu/organization/upsa,berkeleyupsa,"Academic Student Organizations, Undergraduate Organizations, Blue Heart Initiative Category",
Undergraduate Private Equity Club at Berkeley,https://callink.berkeley.edu/organization/undergraduateprivateequityclubatberkeley,upec_berkeley,"ASUC Sponsored 2026-27-Student Activity Groups, Professional Student Organizations, Undergraduate Organizations",
Undergraduate Real Estate Club,https://callink.berkeley.edu/organization/urec,urecberkeley,"ASUC Sponsored 2026-27-Student Activity Groups, Professional Student Organizations, Undergraduate Organizations",
Undergraduate Street Medicine Outreach,https://callink.berkeley.edu/organization/ucbusmo,ucb_usmo,"ASUC Sponsored 2026-27-Student Initiated Service Groups, Service Student Organizations, Undergraduate Organizations, ABSA-Allocated Hearst Storage ",
Undergraduate Student Council of the College of Environmental Design,https://callink.berkeley.edu/organization/ugsc-ced,cedugsc,"ASUC Sponsored 2026-27-Student Activity Groups, Academic Student Organizations, Undergraduate Organizations",
Undergraduate Women in Economics at Berkeley 💙,https://callink.berkeley.edu/organization/uweb,uweberkeley,"ASUC Sponsored 2026-27-Student Activity Groups, Undergraduate Organizations, Cultural & Identity/Women Interest Student Organizations, Blue Heart Initiative Category",
Undergraduate Women in Law at Berkeley,https://callink.berkeley.edu/organization/undergraduatewomeninlaw,berkeley.wil,"ASUC Sponsored 2026-27-Student Activity Groups, Cultural & Identity/International Student Organizations, Undergraduate Organizations, ABSA-Allocated Hearst Storage ",
Underwater Robotics at Berkeley 💙,https://callink.berkeley.edu/organization/urobotics,calrobosub,"ASUC Sponsored 2026-27-Student Activity Groups, Engineering/Computer Science Student Organizations , Undergraduate Organizations, Blue Heart Initiative Category",
Undocumented Student Affairs Committee,https://callink.berkeley.edu/organization/usac,usacasuc,ASUC Government Programs,
UndocuStudents at Berkeley Law,https://callink.berkeley.edu/organization/undocustudentsatberkeleylaw,,"Graduate Student Organizations , Blue Heart Initiative Category",
United against Diabetes at Berkeley,https://callink.berkeley.edu/organization/unitedagainstdiabetes,unitedagainstdiabetes,"ASUC Sponsored 2026-27-Student Initiated Service Groups, Service Student Organizations, Undergraduate Organizations",
United For Health at Berkeley,https://callink.berkeley.edu/organization/unitedforhealthberkeley,hope.onthego,"ASUC Sponsored 2026-27-Student Initiated Service Groups, Service Student Organizations, Undergraduate Organizations",
United Nations Association of Berkeley 💙,https://callink.berkeley.edu/organization/unab,unaberkeley,"ASUC Sponsored 2026-27-Student Activity Groups, Service Student Organizations, Undergraduate Organizations, Blue Heart Initiative Category",
Unity in Christ,https://callink.berkeley.edu/organization/unityinchrist,uicucb,"ASUC Sponsored 2026-27-Student Activity Groups, Spiritual Student Organizations, Undergraduate Organizations",
UNITY Resource Center,https://callink.berkeley.edu/organization/unityresourcecenter,,"Undergraduate Organizations, LGBTQ+ Student Organizations",
Unmanned Aerial Vehicles at Berkeley 💙,https://callink.berkeley.edu/organization/uavsatberkeley,uavs_berkeley,"Engineering/Computer Science Student Organizations , Undergraduate Organizations, Blue Heart Initiative Category",
UpSync,https://callink.berkeley.edu/organization/upsync,berkeleyupsync,"Professional Student Organizations, Undergraduate Organizations",
UX @ Berkeley,https://callink.berkeley.edu/organization/uxatberkeley,uxatberkeley,"ASUC Sponsored 2026-27-Student Activity Groups, Professional Student Organizations, Undergraduate Organizations",
Vagabond Multilingual Journal,https://callink.berkeley.edu/organization/vagabond,ucb.vagabond,"ASUC Sponsored 2026-27-Publication Groups, Media & Publication Student Organizations",
Valley Consulting Group,https://callink.berkeley.edu/organization/valleyconsultinggroup,valleyconsulting,"Professional Student Organizations, Undergraduate Organizations, ABSA-Allocated BNorth Space",
Venture Strategy Solutions Consulting,https://callink.berkeley.edu/organization/venture,berkeleyvss,"ASUC Sponsored 2026-27-Student Activity Groups, Professional Student Organizations, Undergraduate Organizations",
Veritas Graduate Christian Fellowship 💙,https://callink.berkeley.edu/organization/veritasfellowship,,"Graduate Student Organizations , Blue Heart Initiative Category",
Vertical Farming at Berkeley,https://callink.berkeley.edu/organization/verticalfarmingatberkeley,vf_berkeley,"Environmental & Sustainability Student Organizations, Undergraduate Organizations",
Vietnamese American Law Students (VALS),https://callink.berkeley.edu/organization/vietnameseamericanlawstudents,vals.ucb,Graduate Student Organizations ,
Vietnamese Student Association 💙,https://callink.berkeley.edu/organization/calvsa,cal_vsa,"ASUC Sponsored 2026-27-Student Initiated Service Groups, Cultural & Identity/International Student Organizations, Undergraduate Organizations, ABSA-Allocated Hearst Storage , ABSA - Budgeted over $7500 Organizations, Blue Heart Initiative Category",
Vision Development Club of Berkeley,https://callink.berkeley.edu/organization/gavdc,vdc_berkeley,Graduate Student Organizations ,
Vision Science Club 💙,https://callink.berkeley.edu/organization/gavisionscienceclub,berkeleyoptometry,"Graduate Student Organizations , Blue Heart Initiative Category",
Vision Science Community and Belonging,https://callink.berkeley.edu/organization/visionsciencecommunity,,Graduate Student Organizations ,
Volunteer Health Interpreters Organization,https://callink.berkeley.edu/organization/vhio,cal_vhio,"ASUC Sponsored 2026-27-Student Initiated Service Groups, Service Student Organizations, Undergraduate Organizations, ABSA-Allocated Hearst Storage ",
Volunteer Income Tax Assistance Program,https://callink.berkeley.edu/organization/vita,berkeleyvita,"ASUC Sponsored 2026-27-Student Initiated Service Groups, Service Student Organizations, Undergraduate Organizations, ABSA-Allocated ESH Storage",
Volunteers for Medical Outreach,https://callink.berkeley.edu/organization/vmo,calvmo,"ASUC Sponsored 2026-27-Student Initiated Service Groups, Service Student Organizations, Undergraduate Organizations",
Voters Choose at Berkeley 💙,https://callink.berkeley.edu/organization/voterschooseatberkeley,voterschooseberkeley,"Political & Advocacy Student Organizations, Undergraduate Organizations, Blue Heart Initiative Category",
Voyager Consulting,https://callink.berkeley.edu/organization/voyagerconsulting,voyagerconsulting,"Professional Student Organizations, Undergraduate Organizations",
Waste Watchers of Berkeley,https://callink.berkeley.edu/organization/wastewatchersofberkeley,waste.watchers.berkeley,Environmental & Sustainability Student Organizations,
Water Law Society at Berkeley,https://callink.berkeley.edu/organization/waterlawsociety,,,
We Kids United at Berkeley,https://callink.berkeley.edu/organization/youthhealthfocusatberkeley,youth_health_focus,"ASUC Sponsored 2026-27-Student Initiated Service Groups, Undergraduate Organizations, Cultural & Identity/Cultural & Ethnic Student Organizations",
Web Development at Berkeley,https://callink.berkeley.edu/organization/webdev,webatberkeley,"Professional Student Organizations, Undergraduate Organizations, ABSA-Allocated Hearst Storage ",
White Coats for Black Lives - JMP Chapter (formerly known as STRIDE),https://callink.berkeley.edu/organization/whitecoats4blacklives,wc4bl_berkeley,Graduate Student Organizations ,
Women in Computer Science and Electrical Engineering,https://callink.berkeley.edu/organization/gawomenincomputerscienceandelectricalengineering,,Graduate Student Organizations ,
Women in Computing and Data Science at Berkeley,https://callink.berkeley.edu/organization/wicds,berkeleywicds,"ASUC Sponsored 2026-27-Student Activity Groups, Engineering/Computer Science Student Organizations , Undergraduate Organizations",
Women in Leadership,https://callink.berkeley.edu/organization/haaswomeninleadership,haaswil,"Graduate Student Organizations , Haas MBA RSO",
Women in Tech Law,https://callink.berkeley.edu/organization/womenintechlaw,witl_berkeley,Graduate Student Organizations ,
Women in Weightlifting 💙,https://callink.berkeley.edu/organization/womeninweightlifting,wwberkeley,"Recreational Student Organizations, Undergraduate Organizations, Blue Heart Initiative Category",
Women of Color Initiative,https://callink.berkeley.edu/organization/womenofcolorinitiative,,GA Government Projects,
Women's Club Basketball at Berkeley,https://callink.berkeley.edu/organization/womensclubbasketball,wcbballatberk,"ASUC Sponsored 2026-27-Student Activity Groups, ABSA-Allocated Hearst Storage ",
Women's Flag Football Club at Berkeley,https://callink.berkeley.edu/organization/womensflagfootballclubatberkeley,calwomensflag,"Recreational Student Organizations, Cultural & Identity/Women Interest Student Organizations",
Womxn of Color Collective 💙,https://callink.berkeley.edu/organization/womenofcolorcollective,,"Graduate Student Organizations , Blue Heart Initiative Category",
Wonderful at Berkeley,https://callink.berkeley.edu/organization/wonderful,,Service Student Organizations,
World Peace Buddhists,https://callink.berkeley.edu/organization/worldpeacebuddhists,sgiusa,"Spiritual Student Organizations, Undergraduate Organizations",
Yemeni Student Association of Berkeley,https://callink.berkeley.edu/organization/calysa,cal.ysa,"ASUC Sponsored 2026-27-Student Activity Groups, Cultural & Identity/International Student Organizations, Undergraduate Organizations",
Yiddish Culture Club of Berkeley,https://callink.berkeley.edu/organization/yiddishcultureclub,yiddishcultureclubofberkeley,"Academic Student Organizations, Cultural & Identity/Cultural & Ethnic Student Organizations",
Young Democratic Socialists of America at Berkeley 💙,https://callink.berkeley.edu/organization/calydsa,calydsa,"Political & Advocacy Student Organizations, Undergraduate Organizations, Blue Heart Initiative Category",
Yu-Gi-Oh Duelists at Berkeley 💙,https://callink.berkeley.edu/organization/duelistsatberkeley,duelistsatberkeley,"Recreational Student Organizations, Undergraduate Organizations, Blue Heart Initiative Category",
Zahanat,https://callink.berkeley.edu/organization/zahanat,ucbzahanat,"ASUC Sponsored 2026-27-Student Activity Groups, Performing Arts Student Organizations, Undergraduate Organizations, ABSA-Allocated Hearst Storage ",
Zawadi: Black Queer & Trans Community at Cal 💙,https://callink.berkeley.edu/organization/zawadi,zawadiatcal,"LGBTQ+ Student Organizations, Blue Heart Initiative Category",
Zeta Phi Beta,https://callink.berkeley.edu/organization/zetaphibeta,ucberkeleyzetas,CalGreeks National Pan-Hellenic Council (NPHC) Fraternities & Sororities,
Zeta Tau Alpha,https://callink.berkeley.edu/organization/zetataualpha,ztacal,CalGreeks Panhellenic Council (PHC) Sororities,
